lemma,n,top_verb,timeseries
TRUMP,151,TAKE,"[{""date"": ""2022-08-08"", ""n"": 2.0}, {""date"": ""2022-08-09"", ""n"": 4.0}, {""date"": ""2022-08-10"", ""n"": 1.0}, {""date"": ""2022-08-11"", ""n"": 2.0}, {""date"": ""2022-08-12"", ""n"": 1.0}, {""date"": ""2022-08-13"", ""n"": 2.0}, {""date"": ""2022-08-14"", ""n"": 1.0}, {""date"": ""2022-08-15"", ""n"": 3.0}, {""date"": ""2022-08-16"", ""n"": 3.0}, {""date"": ""2022-08-17"", ""n"": 3.0}, {""date"": ""2022-08-18"", ""n"": 5.0}, {""date"": ""2022-08-19"", ""n"": 0.0}, {""date"": ""2022-08-20"", ""n"": 1.0}, {""date"": ""2022-08-21"", ""n"": 0.0}, {""date"": ""2022-08-22"", ""n"": 1.0}, {""date"": ""2022-08-23"", ""n"": 3.0}, {""date"": ""2022-08-24"", ""n"": 1.0}, {""date"": ""2022-08-25"", ""n"": 1.0}, {""date"": ""2022-08-26"", ""n"": 1.0}, {""date"": ""2022-08-27"", ""n"": 2.0}, {""date"": ""2022-08-28"", ""n"": 0.0}, {""date"": ""2022-08-29"", ""n"": 1.0}, {""date"": ""2022-08-30"", ""n"": 2.0}, {""date"": ""2022-08-31"", ""n"": 2.0}, {""date"": ""2022-09-01"", ""n"": 4.0}, {""date"": ""2022-09-02"", ""n"": 0.0}, {""date"": ""2022-09-03"", ""n"": 0.0}, {""date"": ""2022-09-04"", ""n"": 1.0}, {""date"": ""2022-09-05"", ""n"": 2.0}, {""date"": ""2022-09-06"", ""n"": 6.0}, {""date"": ""2022-09-07"", ""n"": 3.0}, {""date"": ""2022-09-08"", ""n"": 1.0}, {""date"": ""2022-09-09"", ""n"": 4.0}, {""date"": ""2022-09-10"", ""n"": 2.0}, {""date"": ""2022-09-11"", ""n"": 2.0}, {""date"": ""2022-09-12"", ""n"": 1.0}, {""date"": ""2022-09-13"", ""n"": 2.0}, {""date"": ""2022-09-14"", ""n"": 2.0}, {""date"": ""2022-09-15"", ""n"": 3.0}, {""date"": ""2022-09-16"", ""n"": 1.0}, {""date"": ""2022-09-17"", ""n"": 1.0}, {""date"": ""2022-09-18"", ""n"": 1.0}, {""date"": ""2022-09-19"", ""n"": 3.0}, {""date"": ""2022-09-20"", ""n"": 2.0}, {""date"": ""2022-09-21"", ""n"": 3.0}, {""date"": ""2022-09-22"", ""n"": 0.0}, {""date"": ""2022-09-23"", ""n"": 1.0}, {""date"": ""2022-09-24"", ""n"": 1.0}, {""date"": ""2022-09-25"", ""n"": 0.0}, {""date"": ""2022-09-26"", ""n"": 1.0}, {""date"": ""2022-09-27"", ""n"": 2.0}, {""date"": ""2022-09-28"", ""n"": 1.0}, {""date"": ""2022-09-29"", ""n"": 2.0}, {""date"": ""2022-09-30"", ""n"": 2.0}, {""date"": ""2022-10-01"", ""n"": 0.0}, {""date"": ""2022-10-02"", ""n"": 2.0}, {""date"": ""2022-10-03"", ""n"": 1.0}, {""date"": ""2022-10-04"", ""n"": 3.0}, {""date"": ""2022-10-05"", ""n"": 2.0}, {""date"": ""2022-10-06"", ""n"": 0.0}, {""date"": ""2022-10-07"", ""n"": 1.0}, {""date"": ""2022-10-08"", ""n"": 1.0}, {""date"": ""2022-10-09"", ""n"": 1.0}, {""date"": ""2022-10-10"", ""n"": 0.0}, {""date"": ""2022-10-11"", ""n"": 2.0}, {""date"": ""2022-10-12"", ""n"": 0.0}, {""date"": ""2022-10-13"", ""n"": 5.0}, {""date"": ""2022-10-14"", ""n"": 2.0}, {""date"": ""2022-10-15"", ""n"": 1.0}, {""date"": ""2022-10-16"", ""n"": 1.0}, {""date"": ""2022-10-17"", ""n"": 1.0}, {""date"": ""2022-10-18"", ""n"": 2.0}, {""date"": ""2022-10-19"", ""n"": 3.0}, {""date"": ""2022-10-20"", ""n"": 1.0}, {""date"": ""2022-10-21"", ""n"": 1.0}, {""date"": ""2022-10-22"", ""n"": 2.0}, {""date"": ""2022-10-23"", ""n"": 0.0}, {""date"": ""2022-10-24"", ""n"": 2.0}, {""date"": ""2022-10-25"", ""n"": 2.0}, {""date"": ""2022-10-26"", ""n"": 2.0}, {""date"": ""2022-10-27"", ""n"": 0.0}, {""date"": ""2022-10-28"", ""n"": 2.0}, {""date"": ""2022-10-29"", ""n"": 2.0}, {""date"": ""2022-10-30"", ""n"": 1.0}, {""date"": ""2022-10-31"", ""n"": 2.0}, {""date"": ""2022-11-01"", ""n"": 3.0}, {""date"": ""2022-11-02"", ""n"": 1.0}, {""date"": ""2022-11-03"", ""n"": 3.0}, {""date"": ""2022-11-04"", ""n"": 2.0}, {""date"": ""2022-11-05"", ""n"": 1.0}]"
BIDEN,101,WANT,"[{""date"": ""2022-08-08"", ""n"": 2.0}, {""date"": ""2022-08-09"", ""n"": 2.0}, {""date"": ""2022-08-10"", ""n"": 1.0}, {""date"": ""2022-08-11"", ""n"": 3.0}, {""date"": ""2022-08-12"", ""n"": 1.0}, {""date"": ""2022-08-13"", ""n"": 0.0}, {""date"": ""2022-08-14"", ""n"": 0.0}, {""date"": ""2022-08-15"", ""n"": 1.0}, {""date"": ""2022-08-16"", ""n"": 0.0}, {""date"": ""2022-08-17"", ""n"": 0.0}, {""date"": ""2022-08-18"", ""n"": 0.0}, {""date"": ""2022-08-19"", ""n"": 1.0}, {""date"": ""2022-08-20"", ""n"": 1.0}, {""date"": ""2022-08-21"", ""n"": 0.0}, {""date"": ""2022-08-22"", ""n"": 0.0}, {""date"": ""2022-08-23"", ""n"": 2.0}, {""date"": ""2022-08-24"", ""n"": 1.0}, {""date"": ""2022-08-25"", ""n"": 3.0}, {""date"": ""2022-08-26"", ""n"": 1.0}, {""date"": ""2022-08-27"", ""n"": 0.0}, {""date"": ""2022-08-28"", ""n"": 0.0}, {""date"": ""2022-08-29"", ""n"": 2.0}, {""date"": ""2022-08-30"", ""n"": 1.0}, {""date"": ""2022-08-31"", ""n"": 1.0}, {""date"": ""2022-09-01"", ""n"": 1.0}, {""date"": ""2022-09-02"", ""n"": 2.0}, {""date"": ""2022-09-03"", ""n"": 1.0}, {""date"": ""2022-09-04"", ""n"": 1.0}, {""date"": ""2022-09-05"", ""n"": 2.0}, {""date"": ""2022-09-06"", ""n"": 1.0}, {""date"": ""2022-09-07"", ""n"": 1.0}, {""date"": ""2022-09-08"", ""n"": 1.0}, {""date"": ""2022-09-09"", ""n"": 2.0}, {""date"": ""2022-09-10"", ""n"": 1.0}, {""date"": ""2022-09-11"", ""n"": 1.0}, {""date"": ""2022-09-12"", ""n"": 3.0}, {""date"": ""2022-09-13"", ""n"": 1.0}, {""date"": ""2022-09-14"", ""n"": 2.0}, {""date"": ""2022-09-15"", ""n"": 2.0}, {""date"": ""2022-09-16"", ""n"": 1.0}, {""date"": ""2022-09-17"", ""n"": 2.0}, {""date"": ""2022-09-18"", ""n"": 0.0}, {""date"": ""2022-09-19"", ""n"": 4.0}, {""date"": ""2022-09-20"", ""n"": 3.0}, {""date"": ""2022-09-21"", ""n"": 0.0}, {""date"": ""2022-09-22"", ""n"": 2.0}, {""date"": ""2022-09-23"", ""n"": 1.0}, {""date"": ""2022-09-24"", ""n"": 1.0}, {""date"": ""2022-09-25"", ""n"": 0.0}, {""date"": ""2022-09-26"", ""n"": 0.0}, {""date"": ""2022-09-27"", ""n"": 1.0}, {""date"": ""2022-09-28"", ""n"": 1.0}, {""date"": ""2022-09-29"", ""n"": 0.0}, {""date"": ""2022-09-30"", ""n"": 0.0}, {""date"": ""2022-10-01"", ""n"": 0.0}, {""date"": ""2022-10-02"", ""n"": 1.0}, {""date"": ""2022-10-03"", ""n"": 0.0}, {""date"": ""2022-10-04"", ""n"": 2.0}, {""date"": ""2022-10-05"", ""n"": 2.0}, {""date"": ""2022-10-06"", ""n"": 1.0}, {""date"": ""2022-10-07"", ""n"": 1.0}, {""date"": ""2022-10-08"", ""n"": 2.0}, {""date"": ""2022-10-09"", ""n"": 0.0}, {""date"": ""2022-10-10"", ""n"": 0.0}, {""date"": ""2022-10-11"", ""n"": 3.0}, {""date"": ""2022-10-12"", ""n"": 1.0}, {""date"": ""2022-10-13"", ""n"": 0.0}, {""date"": ""2022-10-14"", ""n"": 1.0}, {""date"": ""2022-10-15"", ""n"": 2.0}, {""date"": ""2022-10-16"", ""n"": 0.0}, {""date"": ""2022-10-17"", ""n"": 2.0}, {""date"": ""2022-10-18"", ""n"": 1.0}, {""date"": ""2022-10-19"", ""n"": 1.0}, {""date"": ""2022-10-20"", ""n"": 1.0}, {""date"": ""2022-10-21"", ""n"": 2.0}, {""date"": ""2022-10-22"", ""n"": 1.0}, {""date"": ""2022-10-23"", ""n"": 0.0}, {""date"": ""2022-10-24"", ""n"": 0.0}, {""date"": ""2022-10-25"", ""n"": 2.0}, {""date"": ""2022-10-26"", ""n"": 2.0}, {""date"": ""2022-10-27"", ""n"": 1.0}, {""date"": ""2022-10-28"", ""n"": 1.0}, {""date"": ""2022-10-29"", ""n"": 0.0}, {""date"": ""2022-10-30"", ""n"": 0.0}, {""date"": ""2022-10-31"", ""n"": 2.0}, {""date"": ""2022-11-01"", ""n"": 2.0}, {""date"": ""2022-11-02"", ""n"": 3.0}, {""date"": ""2022-11-03"", ""n"": 3.0}, {""date"": ""2022-11-04"", ""n"": 2.0}, {""date"": ""2022-11-05"", ""n"": 0.0}]"
ELECTION,100,VOTE,"[{""date"": ""2022-08-08"", ""n"": 0.0}, {""date"": ""2022-08-09"", ""n"": 0.0}, {""date"": ""2022-08-10"", ""n"": 0.0}, {""date"": ""2022-08-11"", ""n"": 0.0}, {""date"": ""2022-08-12"", ""n"": 0.0}, {""date"": ""2022-08-13"", ""n"": 1.0}, {""date"": ""2022-08-14"", ""n"": 1.0}, {""date"": ""2022-08-15"", ""n"": 2.0}, {""date"": ""2022-08-16"", ""n"": 2.0}, {""date"": ""2022-08-17"", ""n"": 3.0}, {""date"": ""2022-08-18"", ""n"": 0.0}, {""date"": ""2022-08-19"", ""n"": 2.0}, {""date"": ""2022-08-20"", ""n"": 0.0}, {""date"": ""2022-08-21"", ""n"": 0.0}, {""date"": ""2022-08-22"", ""n"": 1.0}, {""date"": ""2022-08-23"", ""n"": 1.0}, {""date"": ""2022-08-24"", ""n"": 3.0}, {""date"": ""2022-08-25"", ""n"": 0.0}, {""date"": ""2022-08-26"", ""n"": 0.0}, {""date"": ""2022-08-27"", ""n"": 1.0}, {""date"": ""2022-08-28"", ""n"": 0.0}, {""date"": ""2022-08-29"", ""n"": 3.0}, {""date"": ""2022-08-30"", ""n"": 1.0}, {""date"": ""2022-08-31"", ""n"": 1.0}, {""date"": ""2022-09-01"", ""n"": 1.0}, {""date"": ""2022-09-02"", ""n"": 2.0}, {""date"": ""2022-09-03"", ""n"": 0.0}, {""date"": ""2022-09-04"", ""n"": 0.0}, {""date"": ""2022-09-05"", ""n"": 1.0}, {""date"": ""2022-09-06"", ""n"": 3.0}, {""date"": ""2022-09-07"", ""n"": 2.0}, {""date"": ""2022-09-08"", ""n"": 1.0}, {""date"": ""2022-09-09"", ""n"": 2.0}, {""date"": ""2022-09-10"", ""n"": 2.0}, {""date"": ""2022-09-11"", ""n"": 1.0}, {""date"": ""2022-09-12"", ""n"": 2.0}, {""date"": ""2022-09-13"", ""n"": 0.0}, {""date"": ""2022-09-14"", ""n"": 4.0}, {""date"": ""2022-09-15"", ""n"": 2.0}, {""date"": ""2022-09-16"", ""n"": 1.0}, {""date"": ""2022-09-17"", ""n"": 0.0}, {""date"": ""2022-09-18"", ""n"": 0.0}, {""date"": ""2022-09-19"", ""n"": 3.0}, {""date"": ""2022-09-20"", ""n"": 0.0}, {""date"": ""2022-09-21"", ""n"": 1.0}, {""date"": ""2022-09-22"", ""n"": 1.0}, {""date"": ""2022-09-23"", ""n"": 0.0}, {""date"": ""2022-09-24"", ""n"": 0.0}, {""date"": ""2022-09-25"", ""n"": 0.0}, {""date"": ""2022-09-26"", ""n"": 1.0}, {""date"": ""2022-09-27"", ""n"": 1.0}, {""date"": ""2022-09-28"", ""n"": 1.0}, {""date"": ""2022-09-29"", ""n"": 1.0}, {""date"": ""2022-09-30"", ""n"": 1.0}, {""date"": ""2022-10-01"", ""n"": 0.0}, {""date"": ""2022-10-02"", ""n"": 2.0}, {""date"": ""2022-10-03"", ""n"": 2.0}, {""date"": ""2022-10-04"", ""n"": 2.0}, {""date"": ""2022-10-05"", ""n"": 0.0}, {""date"": ""2022-10-06"", ""n"": 1.0}, {""date"": ""2022-10-07"", ""n"": 1.0}, {""date"": ""2022-10-08"", ""n"": 0.0}, {""date"": ""2022-10-09"", ""n"": 1.0}, {""date"": ""2022-10-10"", ""n"": 3.0}, {""date"": ""2022-10-11"", ""n"": 1.0}, {""date"": ""2022-10-12"", ""n"": 0.0}, {""date"": ""2022-10-13"", ""n"": 0.0}, {""date"": ""2022-10-14"", ""n"": 0.0}, {""date"": ""2022-10-15"", ""n"": 1.0}, {""date"": ""2022-10-16"", ""n"": 0.0}, {""date"": ""2022-10-17"", ""n"": 0.0}, {""date"": ""2022-10-18"", ""n"": 1.0}, {""date"": ""2022-10-19"", ""n"": 0.0}, {""date"": ""2022-10-20"", ""n"": 3.0}, {""date"": ""2022-10-21"", ""n"": 1.0}, {""date"": ""2022-10-22"", ""n"": 0.0}, {""date"": ""2022-10-23"", ""n"": 1.0}, {""date"": ""2022-10-24"", ""n"": 1.0}, {""date"": ""2022-10-25"", ""n"": 1.0}, {""date"": ""2022-10-26"", ""n"": 2.0}, {""date"": ""2022-10-27"", ""n"": 3.0}, {""date"": ""2022-10-28"", ""n"": 3.0}, {""date"": ""2022-10-29"", ""n"": 1.0}, {""date"": ""2022-10-30"", ""n"": 3.0}, {""date"": ""2022-10-31"", ""n"": 0.0}, {""date"": ""2022-11-01"", ""n"": 3.0}, {""date"": ""2022-11-02"", ""n"": 2.0}, {""date"": ""2022-11-03"", ""n"": 3.0}, {""date"": ""2022-11-04"", ""n"": 2.0}, {""date"": ""2022-11-05"", ""n"": 0.0}]"
WAR,89,GROW,"[{""date"": ""2022-08-08"", ""n"": 2.0}, {""date"": ""2022-08-09"", ""n"": 3.0}, {""date"": ""2022-08-10"", ""n"": 0.0}, {""date"": ""2022-08-11"", ""n"": 1.0}, {""date"": ""2022-08-12"", ""n"": 0.0}, {""date"": ""2022-08-13"", ""n"": 2.0}, {""date"": ""2022-08-14"", ""n"": 0.0}, {""date"": ""2022-08-15"", ""n"": 0.0}, {""date"": ""2022-08-16"", ""n"": 1.0}, {""date"": ""2022-08-17"", ""n"": 0.0}, {""date"": ""2022-08-18"", ""n"": 0.0}, {""date"": ""2022-08-19"", ""n"": 2.0}, {""date"": ""2022-08-20"", ""n"": 2.0}, {""date"": ""2022-08-21"", ""n"": 1.0}, {""date"": ""2022-08-22"", ""n"": 1.0}, {""date"": ""2022-08-23"", ""n"": 1.0}, {""date"": ""2022-08-24"", ""n"": 1.0}, {""date"": ""2022-08-25"", ""n"": 2.0}, {""date"": ""2022-08-26"", ""n"": 1.0}, {""date"": ""2022-08-27"", ""n"": 0.0}, {""date"": ""2022-08-28"", ""n"": 0.0}, {""date"": ""2022-08-29"", ""n"": 3.0}, {""date"": ""2022-08-30"", ""n"": 4.0}, {""date"": ""2022-08-31"", ""n"": 1.0}, {""date"": ""2022-09-01"", ""n"": 2.0}, {""date"": ""2022-09-02"", ""n"": 0.0}, {""date"": ""2022-09-03"", ""n"": 1.0}, {""date"": ""2022-09-04"", ""n"": 0.0}, {""date"": ""2022-09-05"", ""n"": 1.0}, {""date"": ""2022-09-06"", ""n"": 0.0}, {""date"": ""2022-09-07"", ""n"": 2.0}, {""date"": ""2022-09-08"", ""n"": 1.0}, {""date"": ""2022-09-09"", ""n"": 2.0}, {""date"": ""2022-09-10"", ""n"": 1.0}, {""date"": ""2022-09-11"", ""n"": 0.0}, {""date"": ""2022-09-12"", ""n"": 0.0}, {""date"": ""2022-09-13"", ""n"": 4.0}, {""date"": ""2022-09-14"", ""n"": 0.0}, {""date"": ""2022-09-15"", ""n"": 0.0}, {""date"": ""2022-09-16"", ""n"": 1.0}, {""date"": ""2022-09-17"", ""n"": 1.0}, {""date"": ""2022-09-18"", ""n"": 0.0}, {""date"": ""2022-09-19"", ""n"": 2.0}, {""date"": ""2022-09-20"", ""n"": 2.0}, {""date"": ""2022-09-21"", ""n"": 2.0}, {""date"": ""2022-09-22"", ""n"": 2.0}, {""date"": ""2022-09-23"", ""n"": 2.0}, {""date"": ""2022-09-24"", ""n"": 1.0}, {""date"": ""2022-09-25"", ""n"": 0.0}, {""date"": ""2022-09-26"", ""n"": 2.0}, {""date"": ""2022-09-27"", ""n"": 0.0}, {""date"": ""2022-09-28"", ""n"": 0.0}, {""date"": ""2022-09-29"", ""n"": 2.0}, {""date"": ""2022-09-30"", ""n"": 0.0}, {""date"": ""2022-10-01"", ""n"": 1.0}, {""date"": ""2022-10-02"", ""n"": 0.0}, {""date"": ""2022-10-03"", ""n"": 1.0}, {""date"": ""2022-10-04"", ""n"": 4.0}, {""date"": ""2022-10-05"", ""n"": 1.0}, {""date"": ""2022-10-06"", ""n"": 1.0}, {""date"": ""2022-10-07"", ""n"": 1.0}, {""date"": ""2022-10-08"", ""n"": 1.0}, {""date"": ""2022-10-09"", ""n"": 2.0}, {""date"": ""2022-10-10"", ""n"": 2.0}, {""date"": ""2022-10-11"", ""n"": 2.0}, {""date"": ""2022-10-12"", ""n"": 2.0}, {""date"": ""2022-10-13"", ""n"": 1.0}, {""date"": ""2022-10-14"", ""n"": 0.0}, {""date"": ""2022-10-15"", ""n"": 0.0}, {""date"": ""2022-10-16"", ""n"": 0.0}, {""date"": ""2022-10-17"", ""n"": 0.0}, {""date"": ""2022-10-18"", ""n"": 2.0}, {""date"": ""2022-10-19"", ""n"": 0.0}, {""date"": ""2022-10-20"", ""n"": 0.0}, {""date"": ""2022-10-21"", ""n"": 0.0}, {""date"": ""2022-10-22"", ""n"": 0.0}, {""date"": ""2022-10-23"", ""n"": 0.0}, {""date"": ""2022-10-24"", ""n"": 0.0}, {""date"": ""2022-10-25"", ""n"": 2.0}, {""date"": ""2022-10-26"", ""n"": 2.0}, {""date"": ""2022-10-27"", ""n"": 1.0}, {""date"": ""2022-10-28"", ""n"": 0.0}, {""date"": ""2022-10-29"", ""n"": 1.0}, {""date"": ""2022-10-30"", ""n"": 0.0}, {""date"": ""2022-10-31"", ""n"": 0.0}, {""date"": ""2022-11-01"", ""n"": 2.0}, {""date"": ""2022-11-02"", ""n"": 0.0}, {""date"": ""2022-11-03"", ""n"": 2.0}, {""date"": ""2022-11-04"", ""n"": 0.0}, {""date"": ""2022-11-05"", ""n"": 0.0}]"
PUTIN,74,BLOW,"[{""date"": ""2022-08-08"", ""n"": 1.0}, {""date"": ""2022-08-09"", ""n"": 0.0}, {""date"": ""2022-08-10"", ""n"": 1.0}, {""date"": ""2022-08-11"", ""n"": 0.0}, {""date"": ""2022-08-12"", ""n"": 1.0}, {""date"": ""2022-08-13"", ""n"": 1.0}, {""date"": ""2022-08-14"", ""n"": 0.0}, {""date"": ""2022-08-15"", ""n"": 1.0}, {""date"": ""2022-08-16"", ""n"": 1.0}, {""date"": ""2022-08-17"", ""n"": 1.0}, {""date"": ""2022-08-18"", ""n"": 0.0}, {""date"": ""2022-08-19"", ""n"": 2.0}, {""date"": ""2022-08-20"", ""n"": 0.0}, {""date"": ""2022-08-21"", ""n"": 2.0}, {""date"": ""2022-08-22"", ""n"": 1.0}, {""date"": ""2022-08-23"", ""n"": 1.0}, {""date"": ""2022-08-24"", ""n"": 0.0}, {""date"": ""2022-08-25"", ""n"": 1.0}, {""date"": ""2022-08-26"", ""n"": 0.0}, {""date"": ""2022-08-27"", ""n"": 0.0}, {""date"": ""2022-08-28"", ""n"": 1.0}, {""date"": ""2022-08-29"", ""n"": 1.0}, {""date"": ""2022-08-30"", ""n"": 1.0}, {""date"": ""2022-08-31"", ""n"": 1.0}, {""date"": ""2022-09-01"", ""n"": 1.0}, {""date"": ""2022-09-02"", ""n"": 1.0}, {""date"": ""2022-09-03"", ""n"": 1.0}, {""date"": ""2022-09-04"", ""n"": 0.0}, {""date"": ""2022-09-05"", ""n"": 1.0}, {""date"": ""2022-09-06"", ""n"": 1.0}, {""date"": ""2022-09-07"", ""n"": 1.0}, {""date"": ""2022-09-08"", ""n"": 1.0}, {""date"": ""2022-09-09"", ""n"": 4.0}, {""date"": ""2022-09-10"", ""n"": 0.0}, {""date"": ""2022-09-11"", ""n"": 2.0}, {""date"": ""2022-09-12"", ""n"": 1.0}, {""date"": ""2022-09-13"", ""n"": 1.0}, {""date"": ""2022-09-14"", ""n"": 1.0}, {""date"": ""2022-09-15"", ""n"": 0.0}, {""date"": ""2022-09-16"", ""n"": 2.0}, {""date"": ""2022-09-17"", ""n"": 2.0}, {""date"": ""2022-09-18"", ""n"": 0.0}, {""date"": ""2022-09-19"", ""n"": 0.0}, {""date"": ""2022-09-20"", ""n"": 0.0}, {""date"": ""2022-09-21"", ""n"": 1.0}, {""date"": ""2022-09-22"", ""n"": 1.0}, {""date"": ""2022-09-23"", ""n"": 1.0}, {""date"": ""2022-09-24"", ""n"": 1.0}, {""date"": ""2022-09-25"", ""n"": 1.0}, {""date"": ""2022-09-26"", ""n"": 1.0}, {""date"": ""2022-09-27"", ""n"": 1.0}, {""date"": ""2022-09-28"", ""n"": 1.0}, {""date"": ""2022-09-29"", ""n"": 2.0}, {""date"": ""2022-09-30"", ""n"": 1.0}, {""date"": ""2022-10-01"", ""n"": 1.0}, {""date"": ""2022-10-02"", ""n"": 1.0}, {""date"": ""2022-10-03"", ""n"": 1.0}, {""date"": ""2022-10-04"", ""n"": 1.0}, {""date"": ""2022-10-05"", ""n"": 1.0}, {""date"": ""2022-10-06"", ""n"": 0.0}, {""date"": ""2022-10-07"", ""n"": 1.0}, {""date"": ""2022-10-08"", ""n"": 1.0}, {""date"": ""2022-10-09"", ""n"": 1.0}, {""date"": ""2022-10-10"", ""n"": 1.0}, {""date"": ""2022-10-11"", ""n"": 2.0}, {""date"": ""2022-10-12"", ""n"": 2.0}, {""date"": ""2022-10-13"", ""n"": 0.0}, {""date"": ""2022-10-14"", ""n"": 0.0}, {""date"": ""2022-10-15"", ""n"": 1.0}, {""date"": ""2022-10-16"", ""n"": 0.0}, {""date"": ""2022-10-17"", ""n"": 1.0}, {""date"": ""2022-10-18"", ""n"": 0.0}, {""date"": ""2022-10-19"", ""n"": 1.0}, {""date"": ""2022-10-20"", ""n"": 1.0}, {""date"": ""2022-10-21"", ""n"": 1.0}, {""date"": ""2022-10-22"", ""n"": 0.0}, {""date"": ""2022-10-23"", ""n"": 0.0}, {""date"": ""2022-10-24"", ""n"": 0.0}, {""date"": ""2022-10-25"", ""n"": 1.0}, {""date"": ""2022-10-26"", ""n"": 1.0}, {""date"": ""2022-10-27"", ""n"": 2.0}, {""date"": ""2022-10-28"", ""n"": 0.0}, {""date"": ""2022-10-29"", ""n"": 0.0}, {""date"": ""2022-10-30"", ""n"": 0.0}, {""date"": ""2022-10-31"", ""n"": 0.0}, {""date"": ""2022-11-01"", ""n"": 1.0}, {""date"": ""2022-11-02"", ""n"": 1.0}, {""date"": ""2022-11-03"", ""n"": 1.0}, {""date"": ""2022-11-04"", ""n"": 1.0}, {""date"": ""2022-11-05"", ""n"": 0.0}]"
DON,69,ASK,"[{""date"": ""2022-08-08"", ""n"": 1.0}, {""date"": ""2022-08-09"", ""n"": 2.0}, {""date"": ""2022-08-10"", ""n"": 1.0}, {""date"": ""2022-08-11"", ""n"": 0.0}, {""date"": ""2022-08-12"", ""n"": 1.0}, {""date"": ""2022-08-13"", ""n"": 1.0}, {""date"": ""2022-08-14"", ""n"": 1.0}, {""date"": ""2022-08-15"", ""n"": 1.0}, {""date"": ""2022-08-16"", ""n"": 2.0}, {""date"": ""2022-08-17"", ""n"": 0.0}, {""date"": ""2022-08-18"", ""n"": 1.0}, {""date"": ""2022-08-19"", ""n"": 1.0}, {""date"": ""2022-08-20"", ""n"": 0.0}, {""date"": ""2022-08-21"", ""n"": 0.0}, {""date"": ""2022-08-22"", ""n"": 3.0}, {""date"": ""2022-08-23"", ""n"": 1.0}, {""date"": ""2022-08-24"", ""n"": 2.0}, {""date"": ""2022-08-25"", ""n"": 1.0}, {""date"": ""2022-08-26"", ""n"": 1.0}, {""date"": ""2022-08-27"", ""n"": 1.0}, {""date"": ""2022-08-28"", ""n"": 1.0}, {""date"": ""2022-08-29"", ""n"": 1.0}, {""date"": ""2022-08-30"", ""n"": 1.0}, {""date"": ""2022-08-31"", ""n"": 1.0}, {""date"": ""2022-09-01"", ""n"": 2.0}, {""date"": ""2022-09-02"", ""n"": 0.0}, {""date"": ""2022-09-03"", ""n"": 1.0}, {""date"": ""2022-09-04"", ""n"": 0.0}, {""date"": ""2022-09-05"", ""n"": 0.0}, {""date"": ""2022-09-06"", ""n"": 0.0}, {""date"": ""2022-09-07"", ""n"": 1.0}, {""date"": ""2022-09-08"", ""n"": 0.0}, {""date"": ""2022-09-09"", ""n"": 3.0}, {""date"": ""2022-09-10"", ""n"": 1.0}, {""date"": ""2022-09-11"", ""n"": 1.0}, {""date"": ""2022-09-12"", ""n"": 0.0}, {""date"": ""2022-09-13"", ""n"": 1.0}, {""date"": ""2022-09-14"", ""n"": 1.0}, {""date"": ""2022-09-15"", ""n"": 2.0}, {""date"": ""2022-09-16"", ""n"": 0.0}, {""date"": ""2022-09-17"", ""n"": 1.0}, {""date"": ""2022-09-18"", ""n"": 0.0}, {""date"": ""2022-09-19"", ""n"": 0.0}, {""date"": ""2022-09-20"", ""n"": 1.0}, {""date"": ""2022-09-21"", ""n"": 1.0}, {""date"": ""2022-09-22"", ""n"": 1.0}, {""date"": ""2022-09-23"", ""n"": 1.0}, {""date"": ""2022-09-24"", ""n"": 1.0}, {""date"": ""2022-09-25"", ""n"": 0.0}, {""date"": ""2022-09-26"", ""n"": 1.0}, {""date"": ""2022-09-27"", ""n"": 0.0}, {""date"": ""2022-09-28"", ""n"": 1.0}, {""date"": ""2022-09-29"", ""n"": 0.0}, {""date"": ""2022-09-30"", ""n"": 0.0}, {""date"": ""2022-10-01"", ""n"": 1.0}, {""date"": ""2022-10-02"", ""n"": 0.0}, {""date"": ""2022-10-03"", ""n"": 1.0}, {""date"": ""2022-10-04"", ""n"": 1.0}, {""date"": ""2022-10-05"", ""n"": 0.0}, {""date"": ""2022-10-06"", ""n"": 0.0}, {""date"": ""2022-10-07"", ""n"": 0.0}, {""date"": ""2022-10-08"", ""n"": 2.0}, {""date"": ""2022-10-09"", ""n"": 0.0}, {""date"": ""2022-10-10"", ""n"": 0.0}, {""date"": ""2022-10-11"", ""n"": 0.0}, {""date"": ""2022-10-12"", ""n"": 1.0}, {""date"": ""2022-10-13"", ""n"": 1.0}, {""date"": ""2022-10-14"", ""n"": 2.0}, {""date"": ""2022-10-15"", ""n"": 0.0}, {""date"": ""2022-10-16"", ""n"": 1.0}, {""date"": ""2022-10-17"", ""n"": 1.0}, {""date"": ""2022-10-18"", ""n"": 0.0}, {""date"": ""2022-10-19"", ""n"": 2.0}, {""date"": ""2022-10-20"", ""n"": 1.0}, {""date"": ""2022-10-21"", ""n"": 1.0}, {""date"": ""2022-10-22"", ""n"": 1.0}, {""date"": ""2022-10-23"", ""n"": 0.0}, {""date"": ""2022-10-24"", ""n"": 1.0}, {""date"": ""2022-10-25"", ""n"": 1.0}, {""date"": ""2022-10-26"", ""n"": 0.0}, {""date"": ""2022-10-27"", ""n"": 0.0}, {""date"": ""2022-10-28"", ""n"": 0.0}, {""date"": ""2022-10-29"", ""n"": 1.0}, {""date"": ""2022-10-30"", ""n"": 0.0}, {""date"": ""2022-10-31"", ""n"": 1.0}, {""date"": ""2022-11-01"", ""n"": 1.0}, {""date"": ""2022-11-02"", ""n"": 1.0}, {""date"": ""2022-11-03"", ""n"": 1.0}, {""date"": ""2022-11-04"", ""n"": 1.0}, {""date"": ""2022-11-05"", ""n"": 0.0}]"
COVID,69,TEST,"[{""date"": ""2022-08-08"", ""n"": 1.0}, {""date"": ""2022-08-09"", ""n"": 2.0}, {""date"": ""2022-08-10"", ""n"": 1.0}, {""date"": ""2022-08-11"", ""n"": 1.0}, {""date"": ""2022-08-12"", ""n"": 0.0}, {""date"": ""2022-08-13"", ""n"": 0.0}, {""date"": ""2022-08-14"", ""n"": 0.0}, {""date"": ""2022-08-15"", ""n"": 1.0}, {""date"": ""2022-08-16"", ""n"": 2.0}, {""date"": ""2022-08-17"", ""n"": 1.0}, {""date"": ""2022-08-18"", ""n"": 1.0}, {""date"": ""2022-08-19"", ""n"": 1.0}, {""date"": ""2022-08-20"", ""n"": 1.0}, {""date"": ""2022-08-21"", ""n"": 0.0}, {""date"": ""2022-08-22"", ""n"": 0.0}, {""date"": ""2022-08-23"", ""n"": 0.0}, {""date"": ""2022-08-24"", ""n"": 3.0}, {""date"": ""2022-08-25"", ""n"": 2.0}, {""date"": ""2022-08-26"", ""n"": 2.0}, {""date"": ""2022-08-27"", ""n"": 0.0}, {""date"": ""2022-08-28"", ""n"": 2.0}, {""date"": ""2022-08-29"", ""n"": 0.0}, {""date"": ""2022-08-30"", ""n"": 0.0}, {""date"": ""2022-08-31"", ""n"": 0.0}, {""date"": ""2022-09-01"", ""n"": 0.0}, {""date"": ""2022-09-02"", ""n"": 0.0}, {""date"": ""2022-09-03"", ""n"": 1.0}, {""date"": ""2022-09-04"", ""n"": 1.0}, {""date"": ""2022-09-05"", ""n"": 1.0}, {""date"": ""2022-09-06"", ""n"": 2.0}, {""date"": ""2022-09-07"", ""n"": 1.0}, {""date"": ""2022-09-08"", ""n"": 0.0}, {""date"": ""2022-09-09"", ""n"": 2.0}, {""date"": ""2022-09-10"", ""n"": 0.0}, {""date"": ""2022-09-11"", ""n"": 2.0}, {""date"": ""2022-09-12"", ""n"": 1.0}, {""date"": ""2022-09-13"", ""n"": 1.0}, {""date"": ""2022-09-14"", ""n"": 1.0}, {""date"": ""2022-09-15"", ""n"": 1.0}, {""date"": ""2022-09-16"", ""n"": 1.0}, {""date"": ""2022-09-17"", ""n"": 0.0}, {""date"": ""2022-09-18"", ""n"": 1.0}, {""date"": ""2022-09-19"", ""n"": 2.0}, {""date"": ""2022-09-20"", ""n"": 0.0}, {""date"": ""2022-09-21"", ""n"": 1.0}, {""date"": ""2022-09-22"", ""n"": 1.0}, {""date"": ""2022-09-23"", ""n"": 1.0}, {""date"": ""2022-09-24"", ""n"": 1.0}, {""date"": ""2022-09-25"", ""n"": 1.0}, {""date"": ""2022-09-26"", ""n"": 0.0}, {""date"": ""2022-09-27"", ""n"": 0.0}, {""date"": ""2022-09-28"", ""n"": 0.0}, {""date"": ""2022-09-29"", ""n"": 0.0}, {""date"": ""2022-09-30"", ""n"": 1.0}, {""date"": ""2022-10-01"", ""n"": 0.0}, {""date"": ""2022-10-02"", ""n"": 1.0}, {""date"": ""2022-10-03"", ""n"": 1.0}, {""date"": ""2022-10-04"", ""n"": 1.0}, {""date"": ""2022-10-05"", ""n"": 0.0}, {""date"": ""2022-10-06"", ""n"": 1.0}, {""date"": ""2022-10-07"", ""n"": 1.0}, {""date"": ""2022-10-08"", ""n"": 0.0}, {""date"": ""2022-10-09"", ""n"": 0.0}, {""date"": ""2022-10-10"", ""n"": 1.0}, {""date"": ""2022-10-11"", ""n"": 1.0}, {""date"": ""2022-10-12"", ""n"": 0.0}, {""date"": ""2022-10-13"", ""n"": 0.0}, {""date"": ""2022-10-14"", ""n"": 0.0}, {""date"": ""2022-10-15"", ""n"": 0.0}, {""date"": ""2022-10-16"", ""n"": 0.0}, {""date"": ""2022-10-17"", ""n"": 1.0}, {""date"": ""2022-10-18"", ""n"": 2.0}, {""date"": ""2022-10-19"", ""n"": 1.0}, {""date"": ""2022-10-20"", ""n"": 1.0}, {""date"": ""2022-10-21"", ""n"": 0.0}, {""date"": ""2022-10-22"", ""n"": 1.0}, {""date"": ""2022-10-23"", ""n"": 0.0}, {""date"": ""2022-10-24"", ""n"": 1.0}, {""date"": ""2022-10-25"", ""n"": 1.0}, {""date"": ""2022-10-26"", ""n"": 0.0}, {""date"": ""2022-10-27"", ""n"": 2.0}, {""date"": ""2022-10-28"", ""n"": 0.0}, {""date"": ""2022-10-29"", ""n"": 1.0}, {""date"": ""2022-10-30"", ""n"": 1.0}, {""date"": ""2022-10-31"", ""n"": 1.0}, {""date"": ""2022-11-01"", ""n"": 0.0}, {""date"": ""2022-11-02"", ""n"": 1.0}, {""date"": ""2022-11-03"", ""n"": 1.0}, {""date"": ""2022-11-04"", ""n"": 1.0}, {""date"": ""2022-11-05"", ""n"": 1.0}]"
USA,68,CONSIDER,"[{""date"": ""2022-08-08"", ""n"": 4.0}, {""date"": ""2022-08-09"", ""n"": 0.0}, {""date"": ""2022-08-10"", ""n"": 1.0}, {""date"": ""2022-08-11"", ""n"": 1.0}, {""date"": ""2022-08-12"", ""n"": 0.0}, {""date"": ""2022-08-13"", ""n"": 0.0}, {""date"": ""2022-08-14"", ""n"": 0.0}, {""date"": ""2022-08-15"", ""n"": 0.0}, {""date"": ""2022-08-16"", ""n"": 1.0}, {""date"": ""2022-08-17"", ""n"": 2.0}, {""date"": ""2022-08-18"", ""n"": 0.0}, {""date"": ""2022-08-19"", ""n"": 0.0}, {""date"": ""2022-08-20"", ""n"": 2.0}, {""date"": ""2022-08-21"", ""n"": 1.0}, {""date"": ""2022-08-22"", ""n"": 1.0}, {""date"": ""2022-08-23"", ""n"": 1.0}, {""date"": ""2022-08-24"", ""n"": 0.0}, {""date"": ""2022-08-25"", ""n"": 0.0}, {""date"": ""2022-08-26"", ""n"": 1.0}, {""date"": ""2022-08-27"", ""n"": 1.0}, {""date"": ""2022-08-28"", ""n"": 0.0}, {""date"": ""2022-08-29"", ""n"": 1.0}, {""date"": ""2022-08-30"", ""n"": 2.0}, {""date"": ""2022-08-31"", ""n"": 0.0}, {""date"": ""2022-09-01"", ""n"": 1.0}, {""date"": ""2022-09-02"", ""n"": 1.0}, {""date"": ""2022-09-03"", ""n"": 0.0}, {""date"": ""2022-09-04"", ""n"": 0.0}, {""date"": ""2022-09-05"", ""n"": 2.0}, {""date"": ""2022-09-06"", ""n"": 0.0}, {""date"": ""2022-09-07"", ""n"": 0.0}, {""date"": ""2022-09-08"", ""n"": 0.0}, {""date"": ""2022-09-09"", ""n"": 0.0}, {""date"": ""2022-09-10"", ""n"": 0.0}, {""date"": ""2022-09-11"", ""n"": 0.0}, {""date"": ""2022-09-12"", ""n"": 1.0}, {""date"": ""2022-09-13"", ""n"": 2.0}, {""date"": ""2022-09-14"", ""n"": 0.0}, {""date"": ""2022-09-15"", ""n"": 0.0}, {""date"": ""2022-09-16"", ""n"": 1.0}, {""date"": ""2022-09-17"", ""n"": 0.0}, {""date"": ""2022-09-18"", ""n"": 1.0}, {""date"": ""2022-09-19"", ""n"": 0.0}, {""date"": ""2022-09-20"", ""n"": 0.0}, {""date"": ""2022-09-21"", ""n"": 0.0}, {""date"": ""2022-09-22"", ""n"": 1.0}, {""date"": ""2022-09-23"", ""n"": 3.0}, {""date"": ""2022-09-24"", ""n"": 1.0}, {""date"": ""2022-09-25"", ""n"": 0.0}, {""date"": ""2022-09-26"", ""n"": 2.0}, {""date"": ""2022-09-27"", ""n"": 1.0}, {""date"": ""2022-09-28"", ""n"": 0.0}, {""date"": ""2022-09-29"", ""n"": 0.0}, {""date"": ""2022-09-30"", ""n"": 2.0}, {""date"": ""2022-10-01"", ""n"": 1.0}, {""date"": ""2022-10-02"", ""n"": 0.0}, {""date"": ""2022-10-03"", ""n"": 1.0}, {""date"": ""2022-10-04"", ""n"": 2.0}, {""date"": ""2022-10-05"", ""n"": 3.0}, {""date"": ""2022-10-06"", ""n"": 2.0}, {""date"": ""2022-10-07"", ""n"": 0.0}, {""date"": ""2022-10-08"", ""n"": 0.0}, {""date"": ""2022-10-09"", ""n"": 2.0}, {""date"": ""2022-10-10"", ""n"": 1.0}, {""date"": ""2022-10-11"", ""n"": 0.0}, {""date"": ""2022-10-12"", ""n"": 0.0}, {""date"": ""2022-10-13"", ""n"": 2.0}, {""date"": ""2022-10-14"", ""n"": 1.0}, {""date"": ""2022-10-15"", ""n"": 2.0}, {""date"": ""2022-10-16"", ""n"": 0.0}, {""date"": ""2022-10-17"", ""n"": 0.0}, {""date"": ""2022-10-18"", ""n"": 1.0}, {""date"": ""2022-10-19"", ""n"": 0.0}, {""date"": ""2022-10-20"", ""n"": 2.0}, {""date"": ""2022-10-21"", ""n"": 0.0}, {""date"": ""2022-10-22"", ""n"": 0.0}, {""date"": ""2022-10-23"", ""n"": 1.0}, {""date"": ""2022-10-24"", ""n"": 1.0}, {""date"": ""2022-10-25"", ""n"": 0.0}, {""date"": ""2022-10-26"", ""n"": 1.0}, {""date"": ""2022-10-27"", ""n"": 1.0}, {""date"": ""2022-10-28"", ""n"": 0.0}, {""date"": ""2022-10-29"", ""n"": 0.0}, {""date"": ""2022-10-30"", ""n"": 0.0}, {""date"": ""2022-10-31"", ""n"": 1.0}, {""date"": ""2022-11-01"", ""n"": 2.0}, {""date"": ""2022-11-02"", ""n"": 2.0}, {""date"": ""2022-11-03"", ""n"": 0.0}, {""date"": ""2022-11-04"", ""n"": 1.0}, {""date"": ""2022-11-05"", ""n"": 0.0}]"
ABORTION,66,BAN,"[{""date"": ""2022-08-08"", ""n"": 2.0}, {""date"": ""2022-08-09"", ""n"": 1.0}, {""date"": ""2022-08-10"", ""n"": 0.0}, {""date"": ""2022-08-11"", ""n"": 0.0}, {""date"": ""2022-08-12"", ""n"": 1.0}, {""date"": ""2022-08-13"", ""n"": 0.0}, {""date"": ""2022-08-14"", ""n"": 1.0}, {""date"": ""2022-08-15"", ""n"": 0.0}, {""date"": ""2022-08-16"", ""n"": 1.0}, {""date"": ""2022-08-17"", ""n"": 2.0}, {""date"": ""2022-08-18"", ""n"": 1.0}, {""date"": ""2022-08-19"", ""n"": 0.0}, {""date"": ""2022-08-20"", ""n"": 0.0}, {""date"": ""2022-08-21"", ""n"": 1.0}, {""date"": ""2022-08-22"", ""n"": 1.0}, {""date"": ""2022-08-23"", ""n"": 1.0}, {""date"": ""2022-08-24"", ""n"": 1.0}, {""date"": ""2022-08-25"", ""n"": 2.0}, {""date"": ""2022-08-26"", ""n"": 2.0}, {""date"": ""2022-08-27"", ""n"": 0.0}, {""date"": ""2022-08-28"", ""n"": 0.0}, {""date"": ""2022-08-29"", ""n"": 1.0}, {""date"": ""2022-08-30"", ""n"": 1.0}, {""date"": ""2022-08-31"", ""n"": 1.0}, {""date"": ""2022-09-01"", ""n"": 1.0}, {""date"": ""2022-09-02"", ""n"": 1.0}, {""date"": ""2022-09-03"", ""n"": 1.0}, {""date"": ""2022-09-04"", ""n"": 0.0}, {""date"": ""2022-09-05"", ""n"": 1.0}, {""date"": ""2022-09-06"", ""n"": 1.0}, {""date"": ""2022-09-07"", ""n"": 0.0}, {""date"": ""2022-09-08"", ""n"": 1.0}, {""date"": ""2022-09-09"", ""n"": 2.0}, {""date"": ""2022-09-10"", ""n"": 1.0}, {""date"": ""2022-09-11"", ""n"": 0.0}, {""date"": ""2022-09-12"", ""n"": 1.0}, {""date"": ""2022-09-13"", ""n"": 2.0}, {""date"": ""2022-09-14"", ""n"": 0.0}, {""date"": ""2022-09-15"", ""n"": 1.0}, {""date"": ""2022-09-16"", ""n"": 0.0}, {""date"": ""2022-09-17"", ""n"": 1.0}, {""date"": ""2022-09-18"", ""n"": 0.0}, {""date"": ""2022-09-19"", ""n"": 0.0}, {""date"": ""2022-09-20"", ""n"": 1.0}, {""date"": ""2022-09-21"", ""n"": 0.0}, {""date"": ""2022-09-22"", ""n"": 1.0}, {""date"": ""2022-09-23"", ""n"": 2.0}, {""date"": ""2022-09-24"", ""n"": 1.0}, {""date"": ""2022-09-25"", ""n"": 0.0}, {""date"": ""2022-09-26"", ""n"": 0.0}, {""date"": ""2022-09-27"", ""n"": 2.0}, {""date"": ""2022-09-28"", ""n"": 0.0}, {""date"": ""2022-09-29"", ""n"": 1.0}, {""date"": ""2022-09-30"", ""n"": 0.0}, {""date"": ""2022-10-01"", ""n"": 0.0}, {""date"": ""2022-10-02"", ""n"": 0.0}, {""date"": ""2022-10-03"", ""n"": 1.0}, {""date"": ""2022-10-04"", ""n"": 2.0}, {""date"": ""2022-10-05"", ""n"": 0.0}, {""date"": ""2022-10-06"", ""n"": 2.0}, {""date"": ""2022-10-07"", ""n"": 0.0}, {""date"": ""2022-10-08"", ""n"": 3.0}, {""date"": ""2022-10-09"", ""n"": 1.0}, {""date"": ""2022-10-10"", ""n"": 1.0}, {""date"": ""2022-10-11"", ""n"": 2.0}, {""date"": ""2022-10-12"", ""n"": 0.0}, {""date"": ""2022-10-13"", ""n"": 0.0}, {""date"": ""2022-10-14"", ""n"": 0.0}, {""date"": ""2022-10-15"", ""n"": 0.0}, {""date"": ""2022-10-16"", ""n"": 0.0}, {""date"": ""2022-10-17"", ""n"": 1.0}, {""date"": ""2022-10-18"", ""n"": 3.0}, {""date"": ""2022-10-19"", ""n"": 1.0}, {""date"": ""2022-10-20"", ""n"": 1.0}, {""date"": ""2022-10-21"", ""n"": 0.0}, {""date"": ""2022-10-22"", ""n"": 0.0}, {""date"": ""2022-10-23"", ""n"": 0.0}, {""date"": ""2022-10-24"", ""n"": 0.0}, {""date"": ""2022-10-25"", ""n"": 1.0}, {""date"": ""2022-10-26"", ""n"": 1.0}, {""date"": ""2022-10-27"", ""n"": 0.0}, {""date"": ""2022-10-28"", ""n"": 0.0}, {""date"": ""2022-10-29"", ""n"": 0.0}, {""date"": ""2022-10-30"", ""n"": 0.0}, {""date"": ""2022-10-31"", ""n"": 0.0}, {""date"": ""2022-11-01"", ""n"": 2.0}, {""date"": ""2022-11-02"", ""n"": 0.0}, {""date"": ""2022-11-03"", ""n"": 1.0}, {""date"": ""2022-11-04"", ""n"": 1.0}, {""date"": ""2022-11-05"", ""n"": 0.0}]"
RUSSIA,64,FIGHT,"[{""date"": ""2022-08-08"", ""n"": 0.0}, {""date"": ""2022-08-09"", ""n"": 0.0}, {""date"": ""2022-08-10"", ""n"": 1.0}, {""date"": ""2022-08-11"", ""n"": 1.0}, {""date"": ""2022-08-12"", ""n"": 0.0}, {""date"": ""2022-08-13"", ""n"": 0.0}, {""date"": ""2022-08-14"", ""n"": 0.0}, {""date"": ""2022-08-15"", ""n"": 2.0}, {""date"": ""2022-08-16"", ""n"": 2.0}, {""date"": ""2022-08-17"", ""n"": 1.0}, {""date"": ""2022-08-18"", ""n"": 0.0}, {""date"": ""2022-08-19"", ""n"": 1.0}, {""date"": ""2022-08-20"", ""n"": 2.0}, {""date"": ""2022-08-21"", ""n"": 0.0}, {""date"": ""2022-08-22"", ""n"": 1.0}, {""date"": ""2022-08-23"", ""n"": 1.0}, {""date"": ""2022-08-24"", ""n"": 0.0}, {""date"": ""2022-08-25"", ""n"": 1.0}, {""date"": ""2022-08-26"", ""n"": 0.0}, {""date"": ""2022-08-27"", ""n"": 1.0}, {""date"": ""2022-08-28"", ""n"": 1.0}, {""date"": ""2022-08-29"", ""n"": 1.0}, {""date"": ""2022-08-30"", ""n"": 1.0}, {""date"": ""2022-08-31"", ""n"": 0.0}, {""date"": ""2022-09-01"", ""n"": 2.0}, {""date"": ""2022-09-02"", ""n"": 2.0}, {""date"": ""2022-09-03"", ""n"": 0.0}, {""date"": ""2022-09-04"", ""n"": 1.0}, {""date"": ""2022-09-05"", ""n"": 1.0}, {""date"": ""2022-09-06"", ""n"": 1.0}, {""date"": ""2022-09-07"", ""n"": 1.0}, {""date"": ""2022-09-08"", ""n"": 1.0}, {""date"": ""2022-09-09"", ""n"": 0.0}, {""date"": ""2022-09-10"", ""n"": 1.0}, {""date"": ""2022-09-11"", ""n"": 1.0}, {""date"": ""2022-09-12"", ""n"": 1.0}, {""date"": ""2022-09-13"", ""n"": 2.0}, {""date"": ""2022-09-14"", ""n"": 0.0}, {""date"": ""2022-09-15"", ""n"": 1.0}, {""date"": ""2022-09-16"", ""n"": 0.0}, {""date"": ""2022-09-17"", ""n"": 1.0}, {""date"": ""2022-09-18"", ""n"": 0.0}, {""date"": ""2022-09-19"", ""n"": 0.0}, {""date"": ""2022-09-20"", ""n"": 1.0}, {""date"": ""2022-09-21"", ""n"": 1.0}, {""date"": ""2022-09-22"", ""n"": 0.0}, {""date"": ""2022-09-23"", ""n"": 0.0}, {""date"": ""2022-09-24"", ""n"": 1.0}, {""date"": ""2022-09-25"", ""n"": 0.0}, {""date"": ""2022-09-26"", ""n"": 2.0}, {""date"": ""2022-09-27"", ""n"": 0.0}, {""date"": ""2022-09-28"", ""n"": 1.0}, {""date"": ""2022-09-29"", ""n"": 1.0}, {""date"": ""2022-09-30"", ""n"": 0.0}, {""date"": ""2022-10-01"", ""n"": 1.0}, {""date"": ""2022-10-02"", ""n"": 1.0}, {""date"": ""2022-10-03"", ""n"": 2.0}, {""date"": ""2022-10-04"", ""n"": 0.0}, {""date"": ""2022-10-05"", ""n"": 1.0}, {""date"": ""2022-10-06"", ""n"": 0.0}, {""date"": ""2022-10-07"", ""n"": 1.0}, {""date"": ""2022-10-08"", ""n"": 1.0}, {""date"": ""2022-10-09"", ""n"": 0.0}, {""date"": ""2022-10-10"", ""n"": 1.0}, {""date"": ""2022-10-11"", ""n"": 1.0}, {""date"": ""2022-10-12"", ""n"": 0.0}, {""date"": ""2022-10-13"", ""n"": 0.0}, {""date"": ""2022-10-14"", ""n"": 1.0}, {""date"": ""2022-10-15"", ""n"": 1.0}, {""date"": ""2022-10-16"", ""n"": 1.0}, {""date"": ""2022-10-17"", ""n"": 1.0}, {""date"": ""2022-10-18"", ""n"": 0.0}, {""date"": ""2022-10-19"", ""n"": 1.0}, {""date"": ""2022-10-20"", ""n"": 0.0}, {""date"": ""2022-10-21"", ""n"": 0.0}, {""date"": ""2022-10-22"", ""n"": 1.0}, {""date"": ""2022-10-23"", ""n"": 1.0}, {""date"": ""2022-10-24"", ""n"": 1.0}, {""date"": ""2022-10-25"", ""n"": 2.0}, {""date"": ""2022-10-26"", ""n"": 0.0}, {""date"": ""2022-10-27"", ""n"": 1.0}, {""date"": ""2022-10-28"", ""n"": 0.0}, {""date"": ""2022-10-29"", ""n"": 2.0}, {""date"": ""2022-10-30"", ""n"": 0.0}, {""date"": ""2022-10-31"", ""n"": 0.0}, {""date"": ""2022-11-01"", ""n"": 1.0}, {""date"": ""2022-11-02"", ""n"": 0.0}, {""date"": ""2022-11-03"", ""n"": 1.0}, {""date"": ""2022-11-04"", ""n"": 0.0}, {""date"": ""2022-11-05"", ""n"": 0.0}]"
MUSK,64,KNOW,"[{""date"": ""2022-08-08"", ""n"": 2.0}, {""date"": ""2022-08-09"", ""n"": 1.0}, {""date"": ""2022-08-10"", ""n"": 1.0}, {""date"": ""2022-08-11"", ""n"": 1.0}, {""date"": ""2022-08-12"", ""n"": 0.0}, {""date"": ""2022-08-13"", ""n"": 0.0}, {""date"": ""2022-08-14"", ""n"": 0.0}, {""date"": ""2022-08-15"", ""n"": 1.0}, {""date"": ""2022-08-16"", ""n"": 0.0}, {""date"": ""2022-08-17"", ""n"": 2.0}, {""date"": ""2022-08-18"", ""n"": 1.0}, {""date"": ""2022-08-19"", ""n"": 0.0}, {""date"": ""2022-08-20"", ""n"": 0.0}, {""date"": ""2022-08-21"", ""n"": 0.0}, {""date"": ""2022-08-22"", ""n"": 0.0}, {""date"": ""2022-08-23"", ""n"": 1.0}, {""date"": ""2022-08-24"", ""n"": 1.0}, {""date"": ""2022-08-25"", ""n"": 0.0}, {""date"": ""2022-08-26"", ""n"": 1.0}, {""date"": ""2022-08-27"", ""n"": 0.0}, {""date"": ""2022-08-28"", ""n"": 0.0}, {""date"": ""2022-08-29"", ""n"": 1.0}, {""date"": ""2022-08-30"", ""n"": 0.0}, {""date"": ""2022-08-31"", ""n"": 0.0}, {""date"": ""2022-09-01"", ""n"": 0.0}, {""date"": ""2022-09-02"", ""n"": 1.0}, {""date"": ""2022-09-03"", ""n"": 0.0}, {""date"": ""2022-09-04"", ""n"": 0.0}, {""date"": ""2022-09-05"", ""n"": 0.0}, {""date"": ""2022-09-06"", ""n"": 1.0}, {""date"": ""2022-09-07"", ""n"": 1.0}, {""date"": ""2022-09-08"", ""n"": 2.0}, {""date"": ""2022-09-09"", ""n"": 0.0}, {""date"": ""2022-09-10"", ""n"": 0.0}, {""date"": ""2022-09-11"", ""n"": 0.0}, {""date"": ""2022-09-12"", ""n"": 0.0}, {""date"": ""2022-09-13"", ""n"": 3.0}, {""date"": ""2022-09-14"", ""n"": 1.0}, {""date"": ""2022-09-15"", ""n"": 0.0}, {""date"": ""2022-09-16"", ""n"": 0.0}, {""date"": ""2022-09-17"", ""n"": 0.0}, {""date"": ""2022-09-18"", ""n"": 0.0}, {""date"": ""2022-09-19"", ""n"": 0.0}, {""date"": ""2022-09-20"", ""n"": 1.0}, {""date"": ""2022-09-21"", ""n"": 0.0}, {""date"": ""2022-09-22"", ""n"": 0.0}, {""date"": ""2022-09-23"", ""n"": 0.0}, {""date"": ""2022-09-24"", ""n"": 0.0}, {""date"": ""2022-09-25"", ""n"": 0.0}, {""date"": ""2022-09-26"", ""n"": 1.0}, {""date"": ""2022-09-27"", ""n"": 0.0}, {""date"": ""2022-09-28"", ""n"": 1.0}, {""date"": ""2022-09-29"", ""n"": 2.0}, {""date"": ""2022-09-30"", ""n"": 2.0}, {""date"": ""2022-10-01"", ""n"": 1.0}, {""date"": ""2022-10-02"", ""n"": 0.0}, {""date"": ""2022-10-03"", ""n"": 1.0}, {""date"": ""2022-10-04"", ""n"": 2.0}, {""date"": ""2022-10-05"", ""n"": 0.0}, {""date"": ""2022-10-06"", ""n"": 1.0}, {""date"": ""2022-10-07"", ""n"": 1.0}, {""date"": ""2022-10-08"", ""n"": 2.0}, {""date"": ""2022-10-09"", ""n"": 1.0}, {""date"": ""2022-10-10"", ""n"": 0.0}, {""date"": ""2022-10-11"", ""n"": 2.0}, {""date"": ""2022-10-12"", ""n"": 1.0}, {""date"": ""2022-10-13"", ""n"": 0.0}, {""date"": ""2022-10-14"", ""n"": 2.0}, {""date"": ""2022-10-15"", ""n"": 1.0}, {""date"": ""2022-10-16"", ""n"": 0.0}, {""date"": ""2022-10-17"", ""n"": 1.0}, {""date"": ""2022-10-18"", ""n"": 1.0}, {""date"": ""2022-10-19"", ""n"": 0.0}, {""date"": ""2022-10-20"", ""n"": 1.0}, {""date"": ""2022-10-21"", ""n"": 1.0}, {""date"": ""2022-10-22"", ""n"": 1.0}, {""date"": ""2022-10-23"", ""n"": 1.0}, {""date"": ""2022-10-24"", ""n"": 1.0}, {""date"": ""2022-10-25"", ""n"": 0.0}, {""date"": ""2022-10-26"", ""n"": 2.0}, {""date"": ""2022-10-27"", ""n"": 1.0}, {""date"": ""2022-10-28"", ""n"": 1.0}, {""date"": ""2022-10-29"", ""n"": 1.0}, {""date"": ""2022-10-30"", ""n"": 4.0}, {""date"": ""2022-10-31"", ""n"": 2.0}, {""date"": ""2022-11-01"", ""n"": 0.0}, {""date"": ""2022-11-02"", ""n"": 2.0}, {""date"": ""2022-11-03"", ""n"": 1.0}, {""date"": ""2022-11-04"", ""n"": 2.0}, {""date"": ""2022-11-05"", ""n"": 0.0}]"
STUDY,63,RISK,"[{""date"": ""2022-08-08"", ""n"": 2.0}, {""date"": ""2022-08-09"", ""n"": 1.0}, {""date"": ""2022-08-10"", ""n"": 1.0}, {""date"": ""2022-08-11"", ""n"": 2.0}, {""date"": ""2022-08-12"", ""n"": 1.0}, {""date"": ""2022-08-13"", ""n"": 0.0}, {""date"": ""2022-08-14"", ""n"": 1.0}, {""date"": ""2022-08-15"", ""n"": 2.0}, {""date"": ""2022-08-16"", ""n"": 1.0}, {""date"": ""2022-08-17"", ""n"": 0.0}, {""date"": ""2022-08-18"", ""n"": 2.0}, {""date"": ""2022-08-19"", ""n"": 1.0}, {""date"": ""2022-08-20"", ""n"": 1.0}, {""date"": ""2022-08-21"", ""n"": 0.0}, {""date"": ""2022-08-22"", ""n"": 1.0}, {""date"": ""2022-08-23"", ""n"": 2.0}, {""date"": ""2022-08-24"", ""n"": 3.0}, {""date"": ""2022-08-25"", ""n"": 1.0}, {""date"": ""2022-08-26"", ""n"": 1.0}, {""date"": ""2022-08-27"", ""n"": 0.0}, {""date"": ""2022-08-28"", ""n"": 0.0}, {""date"": ""2022-08-29"", ""n"": 1.0}, {""date"": ""2022-08-30"", ""n"": 1.0}, {""date"": ""2022-08-31"", ""n"": 1.0}, {""date"": ""2022-09-01"", ""n"": 1.0}, {""date"": ""2022-09-02"", ""n"": 1.0}, {""date"": ""2022-09-03"", ""n"": 0.0}, {""date"": ""2022-09-04"", ""n"": 0.0}, {""date"": ""2022-09-05"", ""n"": 1.0}, {""date"": ""2022-09-06"", ""n"": 1.0}, {""date"": ""2022-09-07"", ""n"": 0.0}, {""date"": ""2022-09-08"", ""n"": 0.0}, {""date"": ""2022-09-09"", ""n"": 0.0}, {""date"": ""2022-09-10"", ""n"": 1.0}, {""date"": ""2022-09-11"", ""n"": 0.0}, {""date"": ""2022-09-12"", ""n"": 1.0}, {""date"": ""2022-09-13"", ""n"": 0.0}, {""date"": ""2022-09-14"", ""n"": 2.0}, {""date"": ""2022-09-15"", ""n"": 1.0}, {""date"": ""2022-09-16"", ""n"": 2.0}, {""date"": ""2022-09-17"", ""n"": 0.0}, {""date"": ""2022-09-18"", ""n"": 0.0}, {""date"": ""2022-09-19"", ""n"": 1.0}, {""date"": ""2022-09-20"", ""n"": 1.0}, {""date"": ""2022-09-21"", ""n"": 2.0}, {""date"": ""2022-09-22"", ""n"": 0.0}, {""date"": ""2022-09-23"", ""n"": 1.0}, {""date"": ""2022-09-24"", ""n"": 0.0}, {""date"": ""2022-09-25"", ""n"": 0.0}, {""date"": ""2022-09-26"", ""n"": 1.0}, {""date"": ""2022-09-27"", ""n"": 2.0}, {""date"": ""2022-09-28"", ""n"": 0.0}, {""date"": ""2022-09-29"", ""n"": 1.0}, {""date"": ""2022-09-30"", ""n"": 2.0}, {""date"": ""2022-10-01"", ""n"": 0.0}, {""date"": ""2022-10-02"", ""n"": 0.0}, {""date"": ""2022-10-03"", ""n"": 1.0}, {""date"": ""2022-10-04"", ""n"": 0.0}, {""date"": ""2022-10-05"", ""n"": 1.0}, {""date"": ""2022-10-06"", ""n"": 0.0}, {""date"": ""2022-10-07"", ""n"": 1.0}, {""date"": ""2022-10-08"", ""n"": 0.0}, {""date"": ""2022-10-09"", ""n"": 0.0}, {""date"": ""2022-10-10"", ""n"": 1.0}, {""date"": ""2022-10-11"", ""n"": 2.0}, {""date"": ""2022-10-12"", ""n"": 1.0}, {""date"": ""2022-10-13"", ""n"": 1.0}, {""date"": ""2022-10-14"", ""n"": 1.0}, {""date"": ""2022-10-15"", ""n"": 0.0}, {""date"": ""2022-10-16"", ""n"": 0.0}, {""date"": ""2022-10-17"", ""n"": 1.0}, {""date"": ""2022-10-18"", ""n"": 1.0}, {""date"": ""2022-10-19"", ""n"": 0.0}, {""date"": ""2022-10-20"", ""n"": 0.0}, {""date"": ""2022-10-21"", ""n"": 0.0}, {""date"": ""2022-10-22"", ""n"": 0.0}, {""date"": ""2022-10-23"", ""n"": 0.0}, {""date"": ""2022-10-24"", ""n"": 0.0}, {""date"": ""2022-10-25"", ""n"": 0.0}, {""date"": ""2022-10-26"", ""n"": 1.0}, {""date"": ""2022-10-27"", ""n"": 0.0}, {""date"": ""2022-10-28"", ""n"": 1.0}, {""date"": ""2022-10-29"", ""n"": 1.0}, {""date"": ""2022-10-30"", ""n"": 0.0}, {""date"": ""2022-10-31"", ""n"": 0.0}, {""date"": ""2022-11-01"", ""n"": 0.0}, {""date"": ""2022-11-02"", ""n"": 1.0}, {""date"": ""2022-11-03"", ""n"": 0.0}, {""date"": ""2022-11-04"", ""n"": 0.0}, {""date"": ""2022-11-05"", ""n"": 0.0}]"
DEATH,63,PREDICT,"[{""date"": ""2022-08-08"", ""n"": 2.0}, {""date"": ""2022-08-09"", ""n"": 0.0}, {""date"": ""2022-08-10"", ""n"": 1.0}, {""date"": ""2022-08-11"", ""n"": 0.0}, {""date"": ""2022-08-12"", ""n"": 0.0}, {""date"": ""2022-08-13"", ""n"": 0.0}, {""date"": ""2022-08-14"", ""n"": 1.0}, {""date"": ""2022-08-15"", ""n"": 0.0}, {""date"": ""2022-08-16"", ""n"": 1.0}, {""date"": ""2022-08-17"", ""n"": 1.0}, {""date"": ""2022-08-18"", ""n"": 0.0}, {""date"": ""2022-08-19"", ""n"": 2.0}, {""date"": ""2022-08-20"", ""n"": 0.0}, {""date"": ""2022-08-21"", ""n"": 0.0}, {""date"": ""2022-08-22"", ""n"": 2.0}, {""date"": ""2022-08-23"", ""n"": 2.0}, {""date"": ""2022-08-24"", ""n"": 2.0}, {""date"": ""2022-08-25"", ""n"": 0.0}, {""date"": ""2022-08-26"", ""n"": 0.0}, {""date"": ""2022-08-27"", ""n"": 0.0}, {""date"": ""2022-08-28"", ""n"": 0.0}, {""date"": ""2022-08-29"", ""n"": 0.0}, {""date"": ""2022-08-30"", ""n"": 3.0}, {""date"": ""2022-08-31"", ""n"": 1.0}, {""date"": ""2022-09-01"", ""n"": 2.0}, {""date"": ""2022-09-02"", ""n"": 2.0}, {""date"": ""2022-09-03"", ""n"": 1.0}, {""date"": ""2022-09-04"", ""n"": 2.0}, {""date"": ""2022-09-05"", ""n"": 3.0}, {""date"": ""2022-09-06"", ""n"": 0.0}, {""date"": ""2022-09-07"", ""n"": 1.0}, {""date"": ""2022-09-08"", ""n"": 2.0}, {""date"": ""2022-09-09"", ""n"": 3.0}, {""date"": ""2022-09-10"", ""n"": 1.0}, {""date"": ""2022-09-11"", ""n"": 0.0}, {""date"": ""2022-09-12"", ""n"": 2.0}, {""date"": ""2022-09-13"", ""n"": 1.0}, {""date"": ""2022-09-14"", ""n"": 1.0}, {""date"": ""2022-09-15"", ""n"": 0.0}, {""date"": ""2022-09-16"", ""n"": 0.0}, {""date"": ""2022-09-17"", ""n"": 0.0}, {""date"": ""2022-09-18"", ""n"": 0.0}, {""date"": ""2022-09-19"", ""n"": 1.0}, {""date"": ""2022-09-20"", ""n"": 0.0}, {""date"": ""2022-09-21"", ""n"": 1.0}, {""date"": ""2022-09-22"", ""n"": 1.0}, {""date"": ""2022-09-23"", ""n"": 0.0}, {""date"": ""2022-09-24"", ""n"": 0.0}, {""date"": ""2022-09-25"", ""n"": 1.0}, {""date"": ""2022-09-26"", ""n"": 0.0}, {""date"": ""2022-09-27"", ""n"": 1.0}, {""date"": ""2022-09-28"", ""n"": 0.0}, {""date"": ""2022-09-29"", ""n"": 0.0}, {""date"": ""2022-09-30"", ""n"": 2.0}, {""date"": ""2022-10-01"", ""n"": 0.0}, {""date"": ""2022-10-02"", ""n"": 2.0}, {""date"": ""2022-10-03"", ""n"": 2.0}, {""date"": ""2022-10-04"", ""n"": 1.0}, {""date"": ""2022-10-05"", ""n"": 0.0}, {""date"": ""2022-10-06"", ""n"": 0.0}, {""date"": ""2022-10-07"", ""n"": 0.0}, {""date"": ""2022-10-08"", ""n"": 0.0}, {""date"": ""2022-10-09"", ""n"": 0.0}, {""date"": ""2022-10-10"", ""n"": 1.0}, {""date"": ""2022-10-11"", ""n"": 1.0}, {""date"": ""2022-10-12"", ""n"": 0.0}, {""date"": ""2022-10-13"", ""n"": 3.0}, {""date"": ""2022-10-14"", ""n"": 0.0}, {""date"": ""2022-10-15"", ""n"": 0.0}, {""date"": ""2022-10-16"", ""n"": 0.0}, {""date"": ""2022-10-17"", ""n"": 0.0}, {""date"": ""2022-10-18"", ""n"": 1.0}, {""date"": ""2022-10-19"", ""n"": 0.0}, {""date"": ""2022-10-20"", ""n"": 0.0}, {""date"": ""2022-10-21"", ""n"": 2.0}, {""date"": ""2022-10-22"", ""n"": 0.0}, {""date"": ""2022-10-23"", ""n"": 0.0}, {""date"": ""2022-10-24"", ""n"": 0.0}, {""date"": ""2022-10-25"", ""n"": 0.0}, {""date"": ""2022-10-26"", ""n"": 1.0}, {""date"": ""2022-10-27"", ""n"": 0.0}, {""date"": ""2022-10-28"", ""n"": 0.0}, {""date"": ""2022-10-29"", ""n"": 0.0}, {""date"": ""2022-10-30"", ""n"": 0.0}, {""date"": ""2022-10-31"", ""n"": 1.0}, {""date"": ""2022-11-01"", ""n"": 0.0}, {""date"": ""2022-11-02"", ""n"": 1.0}, {""date"": ""2022-11-03"", ""n"": 0.0}, {""date"": ""2022-11-04"", ""n"": 1.0}, {""date"": ""2022-11-05"", ""n"": 0.0}]"
CHINA,63,MAKE,"[{""date"": ""2022-08-08"", ""n"": 4.0}, {""date"": ""2022-08-09"", ""n"": 2.0}, {""date"": ""2022-08-10"", ""n"": 1.0}, {""date"": ""2022-08-11"", ""n"": 0.0}, {""date"": ""2022-08-12"", ""n"": 1.0}, {""date"": ""2022-08-13"", ""n"": 0.0}, {""date"": ""2022-08-14"", ""n"": 1.0}, {""date"": ""2022-08-15"", ""n"": 1.0}, {""date"": ""2022-08-16"", ""n"": 1.0}, {""date"": ""2022-08-17"", ""n"": 2.0}, {""date"": ""2022-08-18"", ""n"": 1.0}, {""date"": ""2022-08-19"", ""n"": 0.0}, {""date"": ""2022-08-20"", ""n"": 0.0}, {""date"": ""2022-08-21"", ""n"": 1.0}, {""date"": ""2022-08-22"", ""n"": 0.0}, {""date"": ""2022-08-23"", ""n"": 0.0}, {""date"": ""2022-08-24"", ""n"": 2.0}, {""date"": ""2022-08-25"", ""n"": 0.0}, {""date"": ""2022-08-26"", ""n"": 1.0}, {""date"": ""2022-08-27"", ""n"": 1.0}, {""date"": ""2022-08-28"", ""n"": 0.0}, {""date"": ""2022-08-29"", ""n"": 0.0}, {""date"": ""2022-08-30"", ""n"": 1.0}, {""date"": ""2022-08-31"", ""n"": 1.0}, {""date"": ""2022-09-01"", ""n"": 1.0}, {""date"": ""2022-09-02"", ""n"": 1.0}, {""date"": ""2022-09-03"", ""n"": 0.0}, {""date"": ""2022-09-04"", ""n"": 1.0}, {""date"": ""2022-09-05"", ""n"": 0.0}, {""date"": ""2022-09-06"", ""n"": 1.0}, {""date"": ""2022-09-07"", ""n"": 1.0}, {""date"": ""2022-09-08"", ""n"": 0.0}, {""date"": ""2022-09-09"", ""n"": 1.0}, {""date"": ""2022-09-10"", ""n"": 1.0}, {""date"": ""2022-09-11"", ""n"": 1.0}, {""date"": ""2022-09-12"", ""n"": 1.0}, {""date"": ""2022-09-13"", ""n"": 2.0}, {""date"": ""2022-09-14"", ""n"": 1.0}, {""date"": ""2022-09-15"", ""n"": 1.0}, {""date"": ""2022-09-16"", ""n"": 2.0}, {""date"": ""2022-09-17"", ""n"": 0.0}, {""date"": ""2022-09-18"", ""n"": 2.0}, {""date"": ""2022-09-19"", ""n"": 1.0}, {""date"": ""2022-09-20"", ""n"": 0.0}, {""date"": ""2022-09-21"", ""n"": 1.0}, {""date"": ""2022-09-22"", ""n"": 1.0}, {""date"": ""2022-09-23"", ""n"": 0.0}, {""date"": ""2022-09-24"", ""n"": 1.0}, {""date"": ""2022-09-25"", ""n"": 0.0}, {""date"": ""2022-09-26"", ""n"": 1.0}, {""date"": ""2022-09-27"", ""n"": 0.0}, {""date"": ""2022-09-28"", ""n"": 1.0}, {""date"": ""2022-09-29"", ""n"": 0.0}, {""date"": ""2022-09-30"", ""n"": 0.0}, {""date"": ""2022-10-01"", ""n"": 0.0}, {""date"": ""2022-10-02"", ""n"": 0.0}, {""date"": ""2022-10-03"", ""n"": 0.0}, {""date"": ""2022-10-04"", ""n"": 1.0}, {""date"": ""2022-10-05"", ""n"": 1.0}, {""date"": ""2022-10-06"", ""n"": 1.0}, {""date"": ""2022-10-07"", ""n"": 0.0}, {""date"": ""2022-10-08"", ""n"": 0.0}, {""date"": ""2022-10-09"", ""n"": 0.0}, {""date"": ""2022-10-10"", ""n"": 0.0}, {""date"": ""2022-10-11"", ""n"": 1.0}, {""date"": ""2022-10-12"", ""n"": 1.0}, {""date"": ""2022-10-13"", ""n"": 1.0}, {""date"": ""2022-10-14"", ""n"": 2.0}, {""date"": ""2022-10-15"", ""n"": 1.0}, {""date"": ""2022-10-16"", ""n"": 1.0}, {""date"": ""2022-10-17"", ""n"": 2.0}, {""date"": ""2022-10-18"", ""n"": 1.0}, {""date"": ""2022-10-19"", ""n"": 0.0}, {""date"": ""2022-10-20"", ""n"": 0.0}, {""date"": ""2022-10-21"", ""n"": 1.0}, {""date"": ""2022-10-22"", ""n"": 0.0}, {""date"": ""2022-10-23"", ""n"": 1.0}, {""date"": ""2022-10-24"", ""n"": 0.0}, {""date"": ""2022-10-25"", ""n"": 0.0}, {""date"": ""2022-10-26"", ""n"": 0.0}, {""date"": ""2022-10-27"", ""n"": 0.0}, {""date"": ""2022-10-28"", ""n"": 0.0}, {""date"": ""2022-10-29"", ""n"": 0.0}, {""date"": ""2022-10-30"", ""n"": 1.0}, {""date"": ""2022-10-31"", ""n"": 2.0}, {""date"": ""2022-11-01"", ""n"": 0.0}, {""date"": ""2022-11-02"", ""n"": 1.0}, {""date"": ""2022-11-03"", ""n"": 0.0}, {""date"": ""2022-11-04"", ""n"": 0.0}, {""date"": ""2022-11-05"", ""n"": 0.0}]"
HOUSE,60,CALL,"[{""date"": ""2022-08-08"", ""n"": 1.0}, {""date"": ""2022-08-09"", ""n"": 2.0}, {""date"": ""2022-08-10"", ""n"": 0.0}, {""date"": ""2022-08-11"", ""n"": 2.0}, {""date"": ""2022-08-12"", ""n"": 0.0}, {""date"": ""2022-08-13"", ""n"": 1.0}, {""date"": ""2022-08-14"", ""n"": 0.0}, {""date"": ""2022-08-15"", ""n"": 0.0}, {""date"": ""2022-08-16"", ""n"": 1.0}, {""date"": ""2022-08-17"", ""n"": 1.0}, {""date"": ""2022-08-18"", ""n"": 0.0}, {""date"": ""2022-08-19"", ""n"": 1.0}, {""date"": ""2022-08-20"", ""n"": 1.0}, {""date"": ""2022-08-21"", ""n"": 1.0}, {""date"": ""2022-08-22"", ""n"": 0.0}, {""date"": ""2022-08-23"", ""n"": 0.0}, {""date"": ""2022-08-24"", ""n"": 2.0}, {""date"": ""2022-08-25"", ""n"": 1.0}, {""date"": ""2022-08-26"", ""n"": 0.0}, {""date"": ""2022-08-27"", ""n"": 0.0}, {""date"": ""2022-08-28"", ""n"": 1.0}, {""date"": ""2022-08-29"", ""n"": 1.0}, {""date"": ""2022-08-30"", ""n"": 0.0}, {""date"": ""2022-08-31"", ""n"": 0.0}, {""date"": ""2022-09-01"", ""n"": 0.0}, {""date"": ""2022-09-02"", ""n"": 2.0}, {""date"": ""2022-09-03"", ""n"": 1.0}, {""date"": ""2022-09-04"", ""n"": 1.0}, {""date"": ""2022-09-05"", ""n"": 0.0}, {""date"": ""2022-09-06"", ""n"": 0.0}, {""date"": ""2022-09-07"", ""n"": 2.0}, {""date"": ""2022-09-08"", ""n"": 0.0}, {""date"": ""2022-09-09"", ""n"": 1.0}, {""date"": ""2022-09-10"", ""n"": 0.0}, {""date"": ""2022-09-11"", ""n"": 1.0}, {""date"": ""2022-09-12"", ""n"": 1.0}, {""date"": ""2022-09-13"", ""n"": 1.0}, {""date"": ""2022-09-14"", ""n"": 0.0}, {""date"": ""2022-09-15"", ""n"": 1.0}, {""date"": ""2022-09-16"", ""n"": 2.0}, {""date"": ""2022-09-17"", ""n"": 0.0}, {""date"": ""2022-09-18"", ""n"": 0.0}, {""date"": ""2022-09-19"", ""n"": 0.0}, {""date"": ""2022-09-20"", ""n"": 1.0}, {""date"": ""2022-09-21"", ""n"": 5.0}, {""date"": ""2022-09-22"", ""n"": 2.0}, {""date"": ""2022-09-23"", ""n"": 0.0}, {""date"": ""2022-09-24"", ""n"": 1.0}, {""date"": ""2022-09-25"", ""n"": 0.0}, {""date"": ""2022-09-26"", ""n"": 2.0}, {""date"": ""2022-09-27"", ""n"": 1.0}, {""date"": ""2022-09-28"", ""n"": 0.0}, {""date"": ""2022-09-29"", ""n"": 1.0}, {""date"": ""2022-09-30"", ""n"": 1.0}, {""date"": ""2022-10-01"", ""n"": 0.0}, {""date"": ""2022-10-02"", ""n"": 0.0}, {""date"": ""2022-10-03"", ""n"": 0.0}, {""date"": ""2022-10-04"", ""n"": 1.0}, {""date"": ""2022-10-05"", ""n"": 0.0}, {""date"": ""2022-10-06"", ""n"": 0.0}, {""date"": ""2022-10-07"", ""n"": 2.0}, {""date"": ""2022-10-08"", ""n"": 1.0}, {""date"": ""2022-10-09"", ""n"": 0.0}, {""date"": ""2022-10-10"", ""n"": 0.0}, {""date"": ""2022-10-11"", ""n"": 0.0}, {""date"": ""2022-10-12"", ""n"": 1.0}, {""date"": ""2022-10-13"", ""n"": 0.0}, {""date"": ""2022-10-14"", ""n"": 1.0}, {""date"": ""2022-10-15"", ""n"": 1.0}, {""date"": ""2022-10-16"", ""n"": 0.0}, {""date"": ""2022-10-17"", ""n"": 0.0}, {""date"": ""2022-10-18"", ""n"": 0.0}, {""date"": ""2022-10-19"", ""n"": 1.0}, {""date"": ""2022-10-20"", ""n"": 0.0}, {""date"": ""2022-10-21"", ""n"": 0.0}, {""date"": ""2022-10-22"", ""n"": 1.0}, {""date"": ""2022-10-23"", ""n"": 0.0}, {""date"": ""2022-10-24"", ""n"": 0.0}, {""date"": ""2022-10-25"", ""n"": 0.0}, {""date"": ""2022-10-26"", ""n"": 1.0}, {""date"": ""2022-10-27"", ""n"": 0.0}, {""date"": ""2022-10-28"", ""n"": 1.0}, {""date"": ""2022-10-29"", ""n"": 1.0}, {""date"": ""2022-10-30"", ""n"": 1.0}, {""date"": ""2022-10-31"", ""n"": 0.0}, {""date"": ""2022-11-01"", ""n"": 1.0}, {""date"": ""2022-11-02"", ""n"": 1.0}, {""date"": ""2022-11-03"", ""n"": 0.0}, {""date"": ""2022-11-04"", ""n"": 2.0}, {""date"": ""2022-11-05"", ""n"": 0.0}]"
POWER,60,FORCE,"[{""date"": ""2022-08-08"", ""n"": 3.0}, {""date"": ""2022-08-09"", ""n"": 0.0}, {""date"": ""2022-08-10"", ""n"": 0.0}, {""date"": ""2022-08-11"", ""n"": 0.0}, {""date"": ""2022-08-12"", ""n"": 0.0}, {""date"": ""2022-08-13"", ""n"": 0.0}, {""date"": ""2022-08-14"", ""n"": 1.0}, {""date"": ""2022-08-15"", ""n"": 0.0}, {""date"": ""2022-08-16"", ""n"": 1.0}, {""date"": ""2022-08-17"", ""n"": 0.0}, {""date"": ""2022-08-18"", ""n"": 0.0}, {""date"": ""2022-08-19"", ""n"": 0.0}, {""date"": ""2022-08-20"", ""n"": 1.0}, {""date"": ""2022-08-21"", ""n"": 0.0}, {""date"": ""2022-08-22"", ""n"": 1.0}, {""date"": ""2022-08-23"", ""n"": 0.0}, {""date"": ""2022-08-24"", ""n"": 1.0}, {""date"": ""2022-08-25"", ""n"": 2.0}, {""date"": ""2022-08-26"", ""n"": 1.0}, {""date"": ""2022-08-27"", ""n"": 0.0}, {""date"": ""2022-08-28"", ""n"": 1.0}, {""date"": ""2022-08-29"", ""n"": 0.0}, {""date"": ""2022-08-30"", ""n"": 1.0}, {""date"": ""2022-08-31"", ""n"": 0.0}, {""date"": ""2022-09-01"", ""n"": 1.0}, {""date"": ""2022-09-02"", ""n"": 1.0}, {""date"": ""2022-09-03"", ""n"": 1.0}, {""date"": ""2022-09-04"", ""n"": 0.0}, {""date"": ""2022-09-05"", ""n"": 2.0}, {""date"": ""2022-09-06"", ""n"": 1.0}, {""date"": ""2022-09-07"", ""n"": 2.0}, {""date"": ""2022-09-08"", ""n"": 0.0}, {""date"": ""2022-09-09"", ""n"": 2.0}, {""date"": ""2022-09-10"", ""n"": 0.0}, {""date"": ""2022-09-11"", ""n"": 0.0}, {""date"": ""2022-09-12"", ""n"": 1.0}, {""date"": ""2022-09-13"", ""n"": 0.0}, {""date"": ""2022-09-14"", ""n"": 3.0}, {""date"": ""2022-09-15"", ""n"": 0.0}, {""date"": ""2022-09-16"", ""n"": 0.0}, {""date"": ""2022-09-17"", ""n"": 1.0}, {""date"": ""2022-09-18"", ""n"": 1.0}, {""date"": ""2022-09-19"", ""n"": 1.0}, {""date"": ""2022-09-20"", ""n"": 1.0}, {""date"": ""2022-09-21"", ""n"": 0.0}, {""date"": ""2022-09-22"", ""n"": 0.0}, {""date"": ""2022-09-23"", ""n"": 1.0}, {""date"": ""2022-09-24"", ""n"": 1.0}, {""date"": ""2022-09-25"", ""n"": 1.0}, {""date"": ""2022-09-26"", ""n"": 2.0}, {""date"": ""2022-09-27"", ""n"": 0.0}, {""date"": ""2022-09-28"", ""n"": 3.0}, {""date"": ""2022-09-29"", ""n"": 1.0}, {""date"": ""2022-09-30"", ""n"": 2.0}, {""date"": ""2022-10-01"", ""n"": 0.0}, {""date"": ""2022-10-02"", ""n"": 0.0}, {""date"": ""2022-10-03"", ""n"": 0.0}, {""date"": ""2022-10-04"", ""n"": 0.0}, {""date"": ""2022-10-05"", ""n"": 0.0}, {""date"": ""2022-10-06"", ""n"": 1.0}, {""date"": ""2022-10-07"", ""n"": 1.0}, {""date"": ""2022-10-08"", ""n"": 0.0}, {""date"": ""2022-10-09"", ""n"": 0.0}, {""date"": ""2022-10-10"", ""n"": 0.0}, {""date"": ""2022-10-11"", ""n"": 0.0}, {""date"": ""2022-10-12"", ""n"": 0.0}, {""date"": ""2022-10-13"", ""n"": 0.0}, {""date"": ""2022-10-14"", ""n"": 0.0}, {""date"": ""2022-10-15"", ""n"": 0.0}, {""date"": ""2022-10-16"", ""n"": 0.0}, {""date"": ""2022-10-17"", ""n"": 2.0}, {""date"": ""2022-10-18"", ""n"": 1.0}, {""date"": ""2022-10-19"", ""n"": 0.0}, {""date"": ""2022-10-20"", ""n"": 0.0}, {""date"": ""2022-10-21"", ""n"": 0.0}, {""date"": ""2022-10-22"", ""n"": 3.0}, {""date"": ""2022-10-23"", ""n"": 1.0}, {""date"": ""2022-10-24"", ""n"": 1.0}, {""date"": ""2022-10-25"", ""n"": 1.0}, {""date"": ""2022-10-26"", ""n"": 1.0}, {""date"": ""2022-10-27"", ""n"": 1.0}, {""date"": ""2022-10-28"", ""n"": 2.0}, {""date"": ""2022-10-29"", ""n"": 1.0}, {""date"": ""2022-10-30"", ""n"": 0.0}, {""date"": ""2022-10-31"", ""n"": 0.0}, {""date"": ""2022-11-01"", ""n"": 1.0}, {""date"": ""2022-11-02"", ""n"": 1.0}, {""date"": ""2022-11-03"", ""n"": 1.0}, {""date"": ""2022-11-04"", ""n"": 1.0}, {""date"": ""2022-11-05"", ""n"": 0.0}]"
SEX,59,ACCUSE,"[{""date"": ""2022-08-08"", ""n"": 3.0}, {""date"": ""2022-08-09"", ""n"": 0.0}, {""date"": ""2022-08-10"", ""n"": 0.0}, {""date"": ""2022-08-11"", ""n"": 0.0}, {""date"": ""2022-08-12"", ""n"": 0.0}, {""date"": ""2022-08-13"", ""n"": 0.0}, {""date"": ""2022-08-14"", ""n"": 0.0}, {""date"": ""2022-08-15"", ""n"": 0.0}, {""date"": ""2022-08-16"", ""n"": 0.0}, {""date"": ""2022-08-17"", ""n"": 2.0}, {""date"": ""2022-08-18"", ""n"": 0.0}, {""date"": ""2022-08-19"", ""n"": 2.0}, {""date"": ""2022-08-20"", ""n"": 0.0}, {""date"": ""2022-08-21"", ""n"": 2.0}, {""date"": ""2022-08-22"", ""n"": 1.0}, {""date"": ""2022-08-23"", ""n"": 1.0}, {""date"": ""2022-08-24"", ""n"": 0.0}, {""date"": ""2022-08-25"", ""n"": 2.0}, {""date"": ""2022-08-26"", ""n"": 2.0}, {""date"": ""2022-08-27"", ""n"": 0.0}, {""date"": ""2022-08-28"", ""n"": 1.0}, {""date"": ""2022-08-29"", ""n"": 0.0}, {""date"": ""2022-08-30"", ""n"": 2.0}, {""date"": ""2022-08-31"", ""n"": 3.0}, {""date"": ""2022-09-01"", ""n"": 0.0}, {""date"": ""2022-09-02"", ""n"": 1.0}, {""date"": ""2022-09-03"", ""n"": 0.0}, {""date"": ""2022-09-04"", ""n"": 0.0}, {""date"": ""2022-09-05"", ""n"": 0.0}, {""date"": ""2022-09-06"", ""n"": 0.0}, {""date"": ""2022-09-07"", ""n"": 3.0}, {""date"": ""2022-09-08"", ""n"": 0.0}, {""date"": ""2022-09-09"", ""n"": 0.0}, {""date"": ""2022-09-10"", ""n"": 0.0}, {""date"": ""2022-09-11"", ""n"": 2.0}, {""date"": ""2022-09-12"", ""n"": 0.0}, {""date"": ""2022-09-13"", ""n"": 0.0}, {""date"": ""2022-09-14"", ""n"": 1.0}, {""date"": ""2022-09-15"", ""n"": 2.0}, {""date"": ""2022-09-16"", ""n"": 0.0}, {""date"": ""2022-09-17"", ""n"": 2.0}, {""date"": ""2022-09-18"", ""n"": 0.0}, {""date"": ""2022-09-19"", ""n"": 1.0}, {""date"": ""2022-09-20"", ""n"": 1.0}, {""date"": ""2022-09-21"", ""n"": 1.0}, {""date"": ""2022-09-22"", ""n"": 1.0}, {""date"": ""2022-09-23"", ""n"": 1.0}, {""date"": ""2022-09-24"", ""n"": 1.0}, {""date"": ""2022-09-25"", ""n"": 0.0}, {""date"": ""2022-09-26"", ""n"": 0.0}, {""date"": ""2022-09-27"", ""n"": 0.0}, {""date"": ""2022-09-28"", ""n"": 2.0}, {""date"": ""2022-09-29"", ""n"": 2.0}, {""date"": ""2022-09-30"", ""n"": 0.0}, {""date"": ""2022-10-01"", ""n"": 1.0}, {""date"": ""2022-10-02"", ""n"": 0.0}, {""date"": ""2022-10-03"", ""n"": 1.0}, {""date"": ""2022-10-04"", ""n"": 0.0}, {""date"": ""2022-10-05"", ""n"": 2.0}, {""date"": ""2022-10-06"", ""n"": 0.0}, {""date"": ""2022-10-07"", ""n"": 2.0}, {""date"": ""2022-10-08"", ""n"": 0.0}, {""date"": ""2022-10-09"", ""n"": 1.0}, {""date"": ""2022-10-10"", ""n"": 0.0}, {""date"": ""2022-10-11"", ""n"": 0.0}, {""date"": ""2022-10-12"", ""n"": 1.0}, {""date"": ""2022-10-13"", ""n"": 1.0}, {""date"": ""2022-10-14"", ""n"": 2.0}, {""date"": ""2022-10-15"", ""n"": 0.0}, {""date"": ""2022-10-16"", ""n"": 0.0}, {""date"": ""2022-10-17"", ""n"": 1.0}, {""date"": ""2022-10-18"", ""n"": 0.0}, {""date"": ""2022-10-19"", ""n"": 0.0}, {""date"": ""2022-10-20"", ""n"": 1.0}, {""date"": ""2022-10-21"", ""n"": 1.0}, {""date"": ""2022-10-22"", ""n"": 0.0}, {""date"": ""2022-10-23"", ""n"": 0.0}, {""date"": ""2022-10-24"", ""n"": 0.0}, {""date"": ""2022-10-25"", ""n"": 0.0}, {""date"": ""2022-10-26"", ""n"": 1.0}, {""date"": ""2022-10-27"", ""n"": 0.0}, {""date"": ""2022-10-28"", ""n"": 0.0}, {""date"": ""2022-10-29"", ""n"": 1.0}, {""date"": ""2022-10-30"", ""n"": 0.0}, {""date"": ""2022-10-31"", ""n"": 0.0}, {""date"": ""2022-11-01"", ""n"": 0.0}, {""date"": ""2022-11-02"", ""n"": 1.0}, {""date"": ""2022-11-03"", ""n"": 1.0}, {""date"": ""2022-11-04"", ""n"": 0.0}, {""date"": ""2022-11-05"", ""n"": 0.0}]"
DEMS,58,SEE,"[{""date"": ""2022-08-08"", ""n"": 2.0}, {""date"": ""2022-08-09"", ""n"": 0.0}, {""date"": ""2022-08-10"", ""n"": 0.0}, {""date"": ""2022-08-11"", ""n"": 1.0}, {""date"": ""2022-08-12"", ""n"": 1.0}, {""date"": ""2022-08-13"", ""n"": 0.0}, {""date"": ""2022-08-14"", ""n"": 0.0}, {""date"": ""2022-08-15"", ""n"": 0.0}, {""date"": ""2022-08-16"", ""n"": 1.0}, {""date"": ""2022-08-17"", ""n"": 0.0}, {""date"": ""2022-08-18"", ""n"": 0.0}, {""date"": ""2022-08-19"", ""n"": 0.0}, {""date"": ""2022-08-20"", ""n"": 0.0}, {""date"": ""2022-08-21"", ""n"": 0.0}, {""date"": ""2022-08-22"", ""n"": 1.0}, {""date"": ""2022-08-23"", ""n"": 1.0}, {""date"": ""2022-08-24"", ""n"": 0.0}, {""date"": ""2022-08-25"", ""n"": 0.0}, {""date"": ""2022-08-26"", ""n"": 0.0}, {""date"": ""2022-08-27"", ""n"": 1.0}, {""date"": ""2022-08-28"", ""n"": 1.0}, {""date"": ""2022-08-29"", ""n"": 0.0}, {""date"": ""2022-08-30"", ""n"": 1.0}, {""date"": ""2022-08-31"", ""n"": 1.0}, {""date"": ""2022-09-01"", ""n"": 1.0}, {""date"": ""2022-09-02"", ""n"": 0.0}, {""date"": ""2022-09-03"", ""n"": 0.0}, {""date"": ""2022-09-04"", ""n"": 0.0}, {""date"": ""2022-09-05"", ""n"": 2.0}, {""date"": ""2022-09-06"", ""n"": 1.0}, {""date"": ""2022-09-07"", ""n"": 1.0}, {""date"": ""2022-09-08"", ""n"": 0.0}, {""date"": ""2022-09-09"", ""n"": 2.0}, {""date"": ""2022-09-10"", ""n"": 1.0}, {""date"": ""2022-09-11"", ""n"": 0.0}, {""date"": ""2022-09-12"", ""n"": 0.0}, {""date"": ""2022-09-13"", ""n"": 0.0}, {""date"": ""2022-09-14"", ""n"": 0.0}, {""date"": ""2022-09-15"", ""n"": 1.0}, {""date"": ""2022-09-16"", ""n"": 1.0}, {""date"": ""2022-09-17"", ""n"": 0.0}, {""date"": ""2022-09-18"", ""n"": 0.0}, {""date"": ""2022-09-19"", ""n"": 0.0}, {""date"": ""2022-09-20"", ""n"": 1.0}, {""date"": ""2022-09-21"", ""n"": 1.0}, {""date"": ""2022-09-22"", ""n"": 1.0}, {""date"": ""2022-09-23"", ""n"": 1.0}, {""date"": ""2022-09-24"", ""n"": 2.0}, {""date"": ""2022-09-25"", ""n"": 0.0}, {""date"": ""2022-09-26"", ""n"": 0.0}, {""date"": ""2022-09-27"", ""n"": 0.0}, {""date"": ""2022-09-28"", ""n"": 0.0}, {""date"": ""2022-09-29"", ""n"": 0.0}, {""date"": ""2022-09-30"", ""n"": 1.0}, {""date"": ""2022-10-01"", ""n"": 1.0}, {""date"": ""2022-10-02"", ""n"": 1.0}, {""date"": ""2022-10-03"", ""n"": 0.0}, {""date"": ""2022-10-04"", ""n"": 0.0}, {""date"": ""2022-10-05"", ""n"": 0.0}, {""date"": ""2022-10-06"", ""n"": 0.0}, {""date"": ""2022-10-07"", ""n"": 0.0}, {""date"": ""2022-10-08"", ""n"": 1.0}, {""date"": ""2022-10-09"", ""n"": 1.0}, {""date"": ""2022-10-10"", ""n"": 1.0}, {""date"": ""2022-10-11"", ""n"": 0.0}, {""date"": ""2022-10-12"", ""n"": 0.0}, {""date"": ""2022-10-13"", ""n"": 0.0}, {""date"": ""2022-10-14"", ""n"": 1.0}, {""date"": ""2022-10-15"", ""n"": 1.0}, {""date"": ""2022-10-16"", ""n"": 1.0}, {""date"": ""2022-10-17"", ""n"": 1.0}, {""date"": ""2022-10-18"", ""n"": 3.0}, {""date"": ""2022-10-19"", ""n"": 1.0}, {""date"": ""2022-10-20"", ""n"": 2.0}, {""date"": ""2022-10-21"", ""n"": 0.0}, {""date"": ""2022-10-22"", ""n"": 1.0}, {""date"": ""2022-10-23"", ""n"": 1.0}, {""date"": ""2022-10-24"", ""n"": 1.0}, {""date"": ""2022-10-25"", ""n"": 1.0}, {""date"": ""2022-10-26"", ""n"": 1.0}, {""date"": ""2022-10-27"", ""n"": 1.0}, {""date"": ""2022-10-28"", ""n"": 1.0}, {""date"": ""2022-10-29"", ""n"": 2.0}, {""date"": ""2022-10-30"", ""n"": 0.0}, {""date"": ""2022-10-31"", ""n"": 0.0}, {""date"": ""2022-11-01"", ""n"": 2.0}, {""date"": ""2022-11-02"", ""n"": 4.0}, {""date"": ""2022-11-03"", ""n"": 1.0}, {""date"": ""2022-11-04"", ""n"": 0.0}, {""date"": ""2022-11-05"", ""n"": 0.0}]"
REPUBLICAN,56,PLUNGE,"[{""date"": ""2022-08-08"", ""n"": 2.0}, {""date"": ""2022-08-09"", ""n"": 1.0}, {""date"": ""2022-08-10"", ""n"": 1.0}, {""date"": ""2022-08-11"", ""n"": 2.0}, {""date"": ""2022-08-12"", ""n"": 1.0}, {""date"": ""2022-08-13"", ""n"": 0.0}, {""date"": ""2022-08-14"", ""n"": 1.0}, {""date"": ""2022-08-15"", ""n"": 2.0}, {""date"": ""2022-08-16"", ""n"": 0.0}, {""date"": ""2022-08-17"", ""n"": 2.0}, {""date"": ""2022-08-18"", ""n"": 1.0}, {""date"": ""2022-08-19"", ""n"": 0.0}, {""date"": ""2022-08-20"", ""n"": 1.0}, {""date"": ""2022-08-21"", ""n"": 0.0}, {""date"": ""2022-08-22"", ""n"": 1.0}, {""date"": ""2022-08-23"", ""n"": 0.0}, {""date"": ""2022-08-24"", ""n"": 1.0}, {""date"": ""2022-08-25"", ""n"": 1.0}, {""date"": ""2022-08-26"", ""n"": 0.0}, {""date"": ""2022-08-27"", ""n"": 0.0}, {""date"": ""2022-08-28"", ""n"": 0.0}, {""date"": ""2022-08-29"", ""n"": 0.0}, {""date"": ""2022-08-30"", ""n"": 1.0}, {""date"": ""2022-08-31"", ""n"": 0.0}, {""date"": ""2022-09-01"", ""n"": 1.0}, {""date"": ""2022-09-02"", ""n"": 0.0}, {""date"": ""2022-09-03"", ""n"": 1.0}, {""date"": ""2022-09-04"", ""n"": 1.0}, {""date"": ""2022-09-05"", ""n"": 1.0}, {""date"": ""2022-09-06"", ""n"": 1.0}, {""date"": ""2022-09-07"", ""n"": 0.0}, {""date"": ""2022-09-08"", ""n"": 2.0}, {""date"": ""2022-09-09"", ""n"": 2.0}, {""date"": ""2022-09-10"", ""n"": 0.0}, {""date"": ""2022-09-11"", ""n"": 0.0}, {""date"": ""2022-09-12"", ""n"": 0.0}, {""date"": ""2022-09-13"", ""n"": 0.0}, {""date"": ""2022-09-14"", ""n"": 1.0}, {""date"": ""2022-09-15"", ""n"": 0.0}, {""date"": ""2022-09-16"", ""n"": 0.0}, {""date"": ""2022-09-17"", ""n"": 0.0}, {""date"": ""2022-09-18"", ""n"": 0.0}, {""date"": ""2022-09-19"", ""n"": 0.0}, {""date"": ""2022-09-20"", ""n"": 0.0}, {""date"": ""2022-09-21"", ""n"": 1.0}, {""date"": ""2022-09-22"", ""n"": 2.0}, {""date"": ""2022-09-23"", ""n"": 1.0}, {""date"": ""2022-09-24"", ""n"": 1.0}, {""date"": ""2022-09-25"", ""n"": 0.0}, {""date"": ""2022-09-26"", ""n"": 2.0}, {""date"": ""2022-09-27"", ""n"": 1.0}, {""date"": ""2022-09-28"", ""n"": 1.0}, {""date"": ""2022-09-29"", ""n"": 0.0}, {""date"": ""2022-09-30"", ""n"": 0.0}, {""date"": ""2022-10-01"", ""n"": 0.0}, {""date"": ""2022-10-02"", ""n"": 0.0}, {""date"": ""2022-10-03"", ""n"": 0.0}, {""date"": ""2022-10-04"", ""n"": 1.0}, {""date"": ""2022-10-05"", ""n"": 1.0}, {""date"": ""2022-10-06"", ""n"": 1.0}, {""date"": ""2022-10-07"", ""n"": 2.0}, {""date"": ""2022-10-08"", ""n"": 0.0}, {""date"": ""2022-10-09"", ""n"": 0.0}, {""date"": ""2022-10-10"", ""n"": 0.0}, {""date"": ""2022-10-11"", ""n"": 1.0}, {""date"": ""2022-10-12"", ""n"": 1.0}, {""date"": ""2022-10-13"", ""n"": 1.0}, {""date"": ""2022-10-14"", ""n"": 0.0}, {""date"": ""2022-10-15"", ""n"": 1.0}, {""date"": ""2022-10-16"", ""n"": 0.0}, {""date"": ""2022-10-17"", ""n"": 1.0}, {""date"": ""2022-10-18"", ""n"": 1.0}, {""date"": ""2022-10-19"", ""n"": 0.0}, {""date"": ""2022-10-20"", ""n"": 0.0}, {""date"": ""2022-10-21"", ""n"": 1.0}, {""date"": ""2022-10-22"", ""n"": 0.0}, {""date"": ""2022-10-23"", ""n"": 0.0}, {""date"": ""2022-10-24"", ""n"": 2.0}, {""date"": ""2022-10-25"", ""n"": 0.0}, {""date"": ""2022-10-26"", ""n"": 0.0}, {""date"": ""2022-10-27"", ""n"": 1.0}, {""date"": ""2022-10-28"", ""n"": 1.0}, {""date"": ""2022-10-29"", ""n"": 0.0}, {""date"": ""2022-10-30"", ""n"": 0.0}, {""date"": ""2022-10-31"", ""n"": 0.0}, {""date"": ""2022-11-01"", ""n"": 1.0}, {""date"": ""2022-11-02"", ""n"": 1.0}, {""date"": ""2022-11-03"", ""n"": 1.0}, {""date"": ""2022-11-04"", ""n"": 0.0}, {""date"": ""2022-11-05"", ""n"": 0.0}]"
UKRAINE,55,GROW,"[{""date"": ""2022-08-08"", ""n"": 0.0}, {""date"": ""2022-08-09"", ""n"": 0.0}, {""date"": ""2022-08-10"", ""n"": 0.0}, {""date"": ""2022-08-11"", ""n"": 1.0}, {""date"": ""2022-08-12"", ""n"": 0.0}, {""date"": ""2022-08-13"", ""n"": 1.0}, {""date"": ""2022-08-14"", ""n"": 1.0}, {""date"": ""2022-08-15"", ""n"": 2.0}, {""date"": ""2022-08-16"", ""n"": 1.0}, {""date"": ""2022-08-17"", ""n"": 0.0}, {""date"": ""2022-08-18"", ""n"": 1.0}, {""date"": ""2022-08-19"", ""n"": 1.0}, {""date"": ""2022-08-20"", ""n"": 1.0}, {""date"": ""2022-08-21"", ""n"": 0.0}, {""date"": ""2022-08-22"", ""n"": 0.0}, {""date"": ""2022-08-23"", ""n"": 1.0}, {""date"": ""2022-08-24"", ""n"": 2.0}, {""date"": ""2022-08-25"", ""n"": 1.0}, {""date"": ""2022-08-26"", ""n"": 0.0}, {""date"": ""2022-08-27"", ""n"": 0.0}, {""date"": ""2022-08-28"", ""n"": 0.0}, {""date"": ""2022-08-29"", ""n"": 1.0}, {""date"": ""2022-08-30"", ""n"": 1.0}, {""date"": ""2022-08-31"", ""n"": 1.0}, {""date"": ""2022-09-01"", ""n"": 0.0}, {""date"": ""2022-09-02"", ""n"": 0.0}, {""date"": ""2022-09-03"", ""n"": 0.0}, {""date"": ""2022-09-04"", ""n"": 1.0}, {""date"": ""2022-09-05"", ""n"": 1.0}, {""date"": ""2022-09-06"", ""n"": 1.0}, {""date"": ""2022-09-07"", ""n"": 1.0}, {""date"": ""2022-09-08"", ""n"": 1.0}, {""date"": ""2022-09-09"", ""n"": 0.0}, {""date"": ""2022-09-10"", ""n"": 1.0}, {""date"": ""2022-09-11"", ""n"": 0.0}, {""date"": ""2022-09-12"", ""n"": 1.0}, {""date"": ""2022-09-13"", ""n"": 1.0}, {""date"": ""2022-09-14"", ""n"": 1.0}, {""date"": ""2022-09-15"", ""n"": 1.0}, {""date"": ""2022-09-16"", ""n"": 1.0}, {""date"": ""2022-09-17"", ""n"": 0.0}, {""date"": ""2022-09-18"", ""n"": 0.0}, {""date"": ""2022-09-19"", ""n"": 1.0}, {""date"": ""2022-09-20"", ""n"": 2.0}, {""date"": ""2022-09-21"", ""n"": 0.0}, {""date"": ""2022-09-22"", ""n"": 0.0}, {""date"": ""2022-09-23"", ""n"": 1.0}, {""date"": ""2022-09-24"", ""n"": 0.0}, {""date"": ""2022-09-25"", ""n"": 1.0}, {""date"": ""2022-09-26"", ""n"": 1.0}, {""date"": ""2022-09-27"", ""n"": 0.0}, {""date"": ""2022-09-28"", ""n"": 0.0}, {""date"": ""2022-09-29"", ""n"": 2.0}, {""date"": ""2022-09-30"", ""n"": 0.0}, {""date"": ""2022-10-01"", ""n"": 1.0}, {""date"": ""2022-10-02"", ""n"": 0.0}, {""date"": ""2022-10-03"", ""n"": 2.0}, {""date"": ""2022-10-04"", ""n"": 0.0}, {""date"": ""2022-10-05"", ""n"": 1.0}, {""date"": ""2022-10-06"", ""n"": 1.0}, {""date"": ""2022-10-07"", ""n"": 1.0}, {""date"": ""2022-10-08"", ""n"": 0.0}, {""date"": ""2022-10-09"", ""n"": 0.0}, {""date"": ""2022-10-10"", ""n"": 0.0}, {""date"": ""2022-10-11"", ""n"": 0.0}, {""date"": ""2022-10-12"", ""n"": 1.0}, {""date"": ""2022-10-13"", ""n"": 1.0}, {""date"": ""2022-10-14"", ""n"": 2.0}, {""date"": ""2022-10-15"", ""n"": 1.0}, {""date"": ""2022-10-16"", ""n"": 1.0}, {""date"": ""2022-10-17"", ""n"": 0.0}, {""date"": ""2022-10-18"", ""n"": 1.0}, {""date"": ""2022-10-19"", ""n"": 0.0}, {""date"": ""2022-10-20"", ""n"": 1.0}, {""date"": ""2022-10-21"", ""n"": 1.0}, {""date"": ""2022-10-22"", ""n"": 1.0}, {""date"": ""2022-10-23"", ""n"": 0.0}, {""date"": ""2022-10-24"", ""n"": 0.0}, {""date"": ""2022-10-25"", ""n"": 0.0}, {""date"": ""2022-10-26"", ""n"": 0.0}, {""date"": ""2022-10-27"", ""n"": 0.0}, {""date"": ""2022-10-28"", ""n"": 1.0}, {""date"": ""2022-10-29"", ""n"": 0.0}, {""date"": ""2022-10-30"", ""n"": 0.0}, {""date"": ""2022-10-31"", ""n"": 1.0}, {""date"": ""2022-11-01"", ""n"": 1.0}, {""date"": ""2022-11-02"", ""n"": 0.0}, {""date"": ""2022-11-03"", ""n"": 1.0}, {""date"": ""2022-11-04"", ""n"": 1.0}, {""date"": ""2022-11-05"", ""n"": 0.0}]"
NUKE,55,SHELL,"[{""date"": ""2022-08-08"", ""n"": 0.0}, {""date"": ""2022-08-09"", ""n"": 2.0}, {""date"": ""2022-08-10"", ""n"": 0.0}, {""date"": ""2022-08-11"", ""n"": 0.0}, {""date"": ""2022-08-12"", ""n"": 2.0}, {""date"": ""2022-08-13"", ""n"": 0.0}, {""date"": ""2022-08-14"", ""n"": 0.0}, {""date"": ""2022-08-15"", ""n"": 0.0}, {""date"": ""2022-08-16"", ""n"": 1.0}, {""date"": ""2022-08-17"", ""n"": 0.0}, {""date"": ""2022-08-18"", ""n"": 2.0}, {""date"": ""2022-08-19"", ""n"": 1.0}, {""date"": ""2022-08-20"", ""n"": 1.0}, {""date"": ""2022-08-21"", ""n"": 0.0}, {""date"": ""2022-08-22"", ""n"": 0.0}, {""date"": ""2022-08-23"", ""n"": 2.0}, {""date"": ""2022-08-24"", ""n"": 2.0}, {""date"": ""2022-08-25"", ""n"": 1.0}, {""date"": ""2022-08-26"", ""n"": 2.0}, {""date"": ""2022-08-27"", ""n"": 1.0}, {""date"": ""2022-08-28"", ""n"": 1.0}, {""date"": ""2022-08-29"", ""n"": 2.0}, {""date"": ""2022-08-30"", ""n"": 1.0}, {""date"": ""2022-08-31"", ""n"": 0.0}, {""date"": ""2022-09-01"", ""n"": 1.0}, {""date"": ""2022-09-02"", ""n"": 1.0}, {""date"": ""2022-09-03"", ""n"": 0.0}, {""date"": ""2022-09-04"", ""n"": 1.0}, {""date"": ""2022-09-05"", ""n"": 3.0}, {""date"": ""2022-09-06"", ""n"": 1.0}, {""date"": ""2022-09-07"", ""n"": 2.0}, {""date"": ""2022-09-08"", ""n"": 1.0}, {""date"": ""2022-09-09"", ""n"": 0.0}, {""date"": ""2022-09-10"", ""n"": 0.0}, {""date"": ""2022-09-11"", ""n"": 0.0}, {""date"": ""2022-09-12"", ""n"": 0.0}, {""date"": ""2022-09-13"", ""n"": 0.0}, {""date"": ""2022-09-14"", ""n"": 1.0}, {""date"": ""2022-09-15"", ""n"": 0.0}, {""date"": ""2022-09-16"", ""n"": 0.0}, {""date"": ""2022-09-17"", ""n"": 0.0}, {""date"": ""2022-09-18"", ""n"": 0.0}, {""date"": ""2022-09-19"", ""n"": 1.0}, {""date"": ""2022-09-20"", ""n"": 0.0}, {""date"": ""2022-09-21"", ""n"": 0.0}, {""date"": ""2022-09-22"", ""n"": 2.0}, {""date"": ""2022-09-23"", ""n"": 1.0}, {""date"": ""2022-09-24"", ""n"": 0.0}, {""date"": ""2022-09-25"", ""n"": 0.0}, {""date"": ""2022-09-26"", ""n"": 1.0}, {""date"": ""2022-09-27"", ""n"": 1.0}, {""date"": ""2022-09-28"", ""n"": 0.0}, {""date"": ""2022-09-29"", ""n"": 0.0}, {""date"": ""2022-09-30"", ""n"": 1.0}, {""date"": ""2022-10-01"", ""n"": 1.0}, {""date"": ""2022-10-02"", ""n"": 1.0}, {""date"": ""2022-10-03"", ""n"": 0.0}, {""date"": ""2022-10-04"", ""n"": 0.0}, {""date"": ""2022-10-05"", ""n"": 0.0}, {""date"": ""2022-10-06"", ""n"": 0.0}, {""date"": ""2022-10-07"", ""n"": 1.0}, {""date"": ""2022-10-08"", ""n"": 0.0}, {""date"": ""2022-10-09"", ""n"": 1.0}, {""date"": ""2022-10-10"", ""n"": 0.0}, {""date"": ""2022-10-11"", ""n"": 1.0}, {""date"": ""2022-10-12"", ""n"": 1.0}, {""date"": ""2022-10-13"", ""n"": 0.0}, {""date"": ""2022-10-14"", ""n"": 2.0}, {""date"": ""2022-10-15"", ""n"": 0.0}, {""date"": ""2022-10-16"", ""n"": 0.0}, {""date"": ""2022-10-17"", ""n"": 0.0}, {""date"": ""2022-10-18"", ""n"": 0.0}, {""date"": ""2022-10-19"", ""n"": 1.0}, {""date"": ""2022-10-20"", ""n"": 1.0}, {""date"": ""2022-10-21"", ""n"": 0.0}, {""date"": ""2022-10-22"", ""n"": 0.0}, {""date"": ""2022-10-23"", ""n"": 0.0}, {""date"": ""2022-10-24"", ""n"": 0.0}, {""date"": ""2022-10-25"", ""n"": 2.0}, {""date"": ""2022-10-26"", ""n"": 1.0}, {""date"": ""2022-10-27"", ""n"": 0.0}, {""date"": ""2022-10-28"", ""n"": 0.0}, {""date"": ""2022-10-29"", ""n"": 1.0}, {""date"": ""2022-10-30"", ""n"": 1.0}, {""date"": ""2022-10-31"", ""n"": 1.0}, {""date"": ""2022-11-01"", ""n"": 0.0}, {""date"": ""2022-11-02"", ""n"": 0.0}, {""date"": ""2022-11-03"", ""n"": 1.0}, {""date"": ""2022-11-04"", ""n"": 0.0}, {""date"": ""2022-11-05"", ""n"": 0.0}]"
RIGHT,54,MELONI,"[{""date"": ""2022-08-08"", ""n"": 2.0}, {""date"": ""2022-08-09"", ""n"": 0.0}, {""date"": ""2022-08-10"", ""n"": 0.0}, {""date"": ""2022-08-11"", ""n"": 0.0}, {""date"": ""2022-08-12"", ""n"": 0.0}, {""date"": ""2022-08-13"", ""n"": 0.0}, {""date"": ""2022-08-14"", ""n"": 0.0}, {""date"": ""2022-08-15"", ""n"": 0.0}, {""date"": ""2022-08-16"", ""n"": 1.0}, {""date"": ""2022-08-17"", ""n"": 1.0}, {""date"": ""2022-08-18"", ""n"": 0.0}, {""date"": ""2022-08-19"", ""n"": 0.0}, {""date"": ""2022-08-20"", ""n"": 0.0}, {""date"": ""2022-08-21"", ""n"": 0.0}, {""date"": ""2022-08-22"", ""n"": 4.0}, {""date"": ""2022-08-23"", ""n"": 2.0}, {""date"": ""2022-08-24"", ""n"": 0.0}, {""date"": ""2022-08-25"", ""n"": 0.0}, {""date"": ""2022-08-26"", ""n"": 0.0}, {""date"": ""2022-08-27"", ""n"": 0.0}, {""date"": ""2022-08-28"", ""n"": 0.0}, {""date"": ""2022-08-29"", ""n"": 0.0}, {""date"": ""2022-08-30"", ""n"": 0.0}, {""date"": ""2022-08-31"", ""n"": 0.0}, {""date"": ""2022-09-01"", ""n"": 0.0}, {""date"": ""2022-09-02"", ""n"": 0.0}, {""date"": ""2022-09-03"", ""n"": 1.0}, {""date"": ""2022-09-04"", ""n"": 0.0}, {""date"": ""2022-09-05"", ""n"": 3.0}, {""date"": ""2022-09-06"", ""n"": 1.0}, {""date"": ""2022-09-07"", ""n"": 0.0}, {""date"": ""2022-09-08"", ""n"": 0.0}, {""date"": ""2022-09-09"", ""n"": 4.0}, {""date"": ""2022-09-10"", ""n"": 0.0}, {""date"": ""2022-09-11"", ""n"": 1.0}, {""date"": ""2022-09-12"", ""n"": 1.0}, {""date"": ""2022-09-13"", ""n"": 1.0}, {""date"": ""2022-09-14"", ""n"": 1.0}, {""date"": ""2022-09-15"", ""n"": 0.0}, {""date"": ""2022-09-16"", ""n"": 1.0}, {""date"": ""2022-09-17"", ""n"": 0.0}, {""date"": ""2022-09-18"", ""n"": 0.0}, {""date"": ""2022-09-19"", ""n"": 2.0}, {""date"": ""2022-09-20"", ""n"": 1.0}, {""date"": ""2022-09-21"", ""n"": 1.0}, {""date"": ""2022-09-22"", ""n"": 1.0}, {""date"": ""2022-09-23"", ""n"": 1.0}, {""date"": ""2022-09-24"", ""n"": 1.0}, {""date"": ""2022-09-25"", ""n"": 1.0}, {""date"": ""2022-09-26"", ""n"": 2.0}, {""date"": ""2022-09-27"", ""n"": 0.0}, {""date"": ""2022-09-28"", ""n"": 0.0}, {""date"": ""2022-09-29"", ""n"": 0.0}, {""date"": ""2022-09-30"", ""n"": 0.0}, {""date"": ""2022-10-01"", ""n"": 1.0}, {""date"": ""2022-10-02"", ""n"": 1.0}, {""date"": ""2022-10-03"", ""n"": 0.0}, {""date"": ""2022-10-04"", ""n"": 0.0}, {""date"": ""2022-10-05"", ""n"": 0.0}, {""date"": ""2022-10-06"", ""n"": 0.0}, {""date"": ""2022-10-07"", ""n"": 1.0}, {""date"": ""2022-10-08"", ""n"": 0.0}, {""date"": ""2022-10-09"", ""n"": 0.0}, {""date"": ""2022-10-10"", ""n"": 0.0}, {""date"": ""2022-10-11"", ""n"": 0.0}, {""date"": ""2022-10-12"", ""n"": 2.0}, {""date"": ""2022-10-13"", ""n"": 0.0}, {""date"": ""2022-10-14"", ""n"": 1.0}, {""date"": ""2022-10-15"", ""n"": 1.0}, {""date"": ""2022-10-16"", ""n"": 1.0}, {""date"": ""2022-10-17"", ""n"": 0.0}, {""date"": ""2022-10-18"", ""n"": 3.0}, {""date"": ""2022-10-19"", ""n"": 0.0}, {""date"": ""2022-10-20"", ""n"": 0.0}, {""date"": ""2022-10-21"", ""n"": 1.0}, {""date"": ""2022-10-22"", ""n"": 1.0}, {""date"": ""2022-10-23"", ""n"": 0.0}, {""date"": ""2022-10-24"", ""n"": 3.0}, {""date"": ""2022-10-25"", ""n"": 1.0}, {""date"": ""2022-10-26"", ""n"": 1.0}, {""date"": ""2022-10-27"", ""n"": 1.0}, {""date"": ""2022-10-28"", ""n"": 0.0}, {""date"": ""2022-10-29"", ""n"": 0.0}, {""date"": ""2022-10-30"", ""n"": 0.0}, {""date"": ""2022-10-31"", ""n"": 0.0}, {""date"": ""2022-11-01"", ""n"": 0.0}, {""date"": ""2022-11-02"", ""n"": 1.0}, {""date"": ""2022-11-03"", ""n"": 0.0}, {""date"": ""2022-11-04"", ""n"": 1.0}, {""date"": ""2022-11-05"", ""n"": 1.0}]"
FLORIDA,50,FACE,"[{""date"": ""2022-08-08"", ""n"": 0.0}, {""date"": ""2022-08-09"", ""n"": 0.0}, {""date"": ""2022-08-10"", ""n"": 0.0}, {""date"": ""2022-08-11"", ""n"": 0.0}, {""date"": ""2022-08-12"", ""n"": 0.0}, {""date"": ""2022-08-13"", ""n"": 1.0}, {""date"": ""2022-08-14"", ""n"": 0.0}, {""date"": ""2022-08-15"", ""n"": 1.0}, {""date"": ""2022-08-16"", ""n"": 1.0}, {""date"": ""2022-08-17"", ""n"": 0.0}, {""date"": ""2022-08-18"", ""n"": 0.0}, {""date"": ""2022-08-19"", ""n"": 0.0}, {""date"": ""2022-08-20"", ""n"": 0.0}, {""date"": ""2022-08-21"", ""n"": 0.0}, {""date"": ""2022-08-22"", ""n"": 1.0}, {""date"": ""2022-08-23"", ""n"": 3.0}, {""date"": ""2022-08-24"", ""n"": 1.0}, {""date"": ""2022-08-25"", ""n"": 1.0}, {""date"": ""2022-08-26"", ""n"": 0.0}, {""date"": ""2022-08-27"", ""n"": 1.0}, {""date"": ""2022-08-28"", ""n"": 0.0}, {""date"": ""2022-08-29"", ""n"": 0.0}, {""date"": ""2022-08-30"", ""n"": 2.0}, {""date"": ""2022-08-31"", ""n"": 1.0}, {""date"": ""2022-09-01"", ""n"": 0.0}, {""date"": ""2022-09-02"", ""n"": 1.0}, {""date"": ""2022-09-03"", ""n"": 0.0}, {""date"": ""2022-09-04"", ""n"": 0.0}, {""date"": ""2022-09-05"", ""n"": 0.0}, {""date"": ""2022-09-06"", ""n"": 0.0}, {""date"": ""2022-09-07"", ""n"": 1.0}, {""date"": ""2022-09-08"", ""n"": 0.0}, {""date"": ""2022-09-09"", ""n"": 3.0}, {""date"": ""2022-09-10"", ""n"": 0.0}, {""date"": ""2022-09-11"", ""n"": 0.0}, {""date"": ""2022-09-12"", ""n"": 2.0}, {""date"": ""2022-09-13"", ""n"": 0.0}, {""date"": ""2022-09-14"", ""n"": 1.0}, {""date"": ""2022-09-15"", ""n"": 0.0}, {""date"": ""2022-09-16"", ""n"": 0.0}, {""date"": ""2022-09-17"", ""n"": 1.0}, {""date"": ""2022-09-18"", ""n"": 0.0}, {""date"": ""2022-09-19"", ""n"": 0.0}, {""date"": ""2022-09-20"", ""n"": 0.0}, {""date"": ""2022-09-21"", ""n"": 1.0}, {""date"": ""2022-09-22"", ""n"": 2.0}, {""date"": ""2022-09-23"", ""n"": 2.0}, {""date"": ""2022-09-24"", ""n"": 1.0}, {""date"": ""2022-09-25"", ""n"": 0.0}, {""date"": ""2022-09-26"", ""n"": 1.0}, {""date"": ""2022-09-27"", ""n"": 1.0}, {""date"": ""2022-09-28"", ""n"": 3.0}, {""date"": ""2022-09-29"", ""n"": 1.0}, {""date"": ""2022-09-30"", ""n"": 2.0}, {""date"": ""2022-10-01"", ""n"": 1.0}, {""date"": ""2022-10-02"", ""n"": 1.0}, {""date"": ""2022-10-03"", ""n"": 0.0}, {""date"": ""2022-10-04"", ""n"": 1.0}, {""date"": ""2022-10-05"", ""n"": 0.0}, {""date"": ""2022-10-06"", ""n"": 1.0}, {""date"": ""2022-10-07"", ""n"": 1.0}, {""date"": ""2022-10-08"", ""n"": 1.0}, {""date"": ""2022-10-09"", ""n"": 0.0}, {""date"": ""2022-10-10"", ""n"": 1.0}, {""date"": ""2022-10-11"", ""n"": 1.0}, {""date"": ""2022-10-12"", ""n"": 0.0}, {""date"": ""2022-10-13"", ""n"": 1.0}, {""date"": ""2022-10-14"", ""n"": 0.0}, {""date"": ""2022-10-15"", ""n"": 1.0}, {""date"": ""2022-10-16"", ""n"": 0.0}, {""date"": ""2022-10-17"", ""n"": 0.0}, {""date"": ""2022-10-18"", ""n"": 1.0}, {""date"": ""2022-10-19"", ""n"": 0.0}, {""date"": ""2022-10-20"", ""n"": 0.0}, {""date"": ""2022-10-21"", ""n"": 0.0}, {""date"": ""2022-10-22"", ""n"": 1.0}, {""date"": ""2022-10-23"", ""n"": 0.0}, {""date"": ""2022-10-24"", ""n"": 2.0}, {""date"": ""2022-10-25"", ""n"": 0.0}, {""date"": ""2022-10-26"", ""n"": 0.0}, {""date"": ""2022-10-27"", ""n"": 1.0}, {""date"": ""2022-10-28"", ""n"": 0.0}, {""date"": ""2022-10-29"", ""n"": 1.0}, {""date"": ""2022-10-30"", ""n"": 0.0}, {""date"": ""2022-10-31"", ""n"": 0.0}, {""date"": ""2022-11-01"", ""n"": 0.0}, {""date"": ""2022-11-02"", ""n"": 0.0}, {""date"": ""2022-11-03"", ""n"": 0.0}, {""date"": ""2022-11-04"", ""n"": 0.0}, {""date"": ""2022-11-05"", ""n"": 0.0}]"
TRIAL,49,FACES,"[{""date"": ""2022-08-08"", ""n"": 2.0}, {""date"": ""2022-08-09"", ""n"": 0.0}, {""date"": ""2022-08-10"", ""n"": 0.0}, {""date"": ""2022-08-11"", ""n"": 0.0}, {""date"": ""2022-08-12"", ""n"": 2.0}, {""date"": ""2022-08-13"", ""n"": 0.0}, {""date"": ""2022-08-14"", ""n"": 0.0}, {""date"": ""2022-08-15"", ""n"": 0.0}, {""date"": ""2022-08-16"", ""n"": 0.0}, {""date"": ""2022-08-17"", ""n"": 1.0}, {""date"": ""2022-08-18"", ""n"": 0.0}, {""date"": ""2022-08-19"", ""n"": 0.0}, {""date"": ""2022-08-20"", ""n"": 0.0}, {""date"": ""2022-08-21"", ""n"": 0.0}, {""date"": ""2022-08-22"", ""n"": 1.0}, {""date"": ""2022-08-23"", ""n"": 1.0}, {""date"": ""2022-08-24"", ""n"": 0.0}, {""date"": ""2022-08-25"", ""n"": 0.0}, {""date"": ""2022-08-26"", ""n"": 0.0}, {""date"": ""2022-08-27"", ""n"": 0.0}, {""date"": ""2022-08-28"", ""n"": 0.0}, {""date"": ""2022-08-29"", ""n"": 1.0}, {""date"": ""2022-08-30"", ""n"": 0.0}, {""date"": ""2022-08-31"", ""n"": 0.0}, {""date"": ""2022-09-01"", ""n"": 0.0}, {""date"": ""2022-09-02"", ""n"": 0.0}, {""date"": ""2022-09-03"", ""n"": 0.0}, {""date"": ""2022-09-04"", ""n"": 0.0}, {""date"": ""2022-09-05"", ""n"": 0.0}, {""date"": ""2022-09-06"", ""n"": 0.0}, {""date"": ""2022-09-07"", ""n"": 1.0}, {""date"": ""2022-09-08"", ""n"": 1.0}, {""date"": ""2022-09-09"", ""n"": 0.0}, {""date"": ""2022-09-10"", ""n"": 0.0}, {""date"": ""2022-09-11"", ""n"": 0.0}, {""date"": ""2022-09-12"", ""n"": 1.0}, {""date"": ""2022-09-13"", ""n"": 1.0}, {""date"": ""2022-09-14"", ""n"": 1.0}, {""date"": ""2022-09-15"", ""n"": 0.0}, {""date"": ""2022-09-16"", ""n"": 0.0}, {""date"": ""2022-09-17"", ""n"": 0.0}, {""date"": ""2022-09-18"", ""n"": 0.0}, {""date"": ""2022-09-19"", ""n"": 1.0}, {""date"": ""2022-09-20"", ""n"": 0.0}, {""date"": ""2022-09-21"", ""n"": 1.0}, {""date"": ""2022-09-22"", ""n"": 0.0}, {""date"": ""2022-09-23"", ""n"": 1.0}, {""date"": ""2022-09-24"", ""n"": 1.0}, {""date"": ""2022-09-25"", ""n"": 0.0}, {""date"": ""2022-09-26"", ""n"": 0.0}, {""date"": ""2022-09-27"", ""n"": 1.0}, {""date"": ""2022-09-28"", ""n"": 2.0}, {""date"": ""2022-09-29"", ""n"": 0.0}, {""date"": ""2022-09-30"", ""n"": 2.0}, {""date"": ""2022-10-01"", ""n"": 0.0}, {""date"": ""2022-10-02"", ""n"": 0.0}, {""date"": ""2022-10-03"", ""n"": 1.0}, {""date"": ""2022-10-04"", ""n"": 3.0}, {""date"": ""2022-10-05"", ""n"": 1.0}, {""date"": ""2022-10-06"", ""n"": 1.0}, {""date"": ""2022-10-07"", ""n"": 1.0}, {""date"": ""2022-10-08"", ""n"": 1.0}, {""date"": ""2022-10-09"", ""n"": 0.0}, {""date"": ""2022-10-10"", ""n"": 1.0}, {""date"": ""2022-10-11"", ""n"": 1.0}, {""date"": ""2022-10-12"", ""n"": 1.0}, {""date"": ""2022-10-13"", ""n"": 0.0}, {""date"": ""2022-10-14"", ""n"": 0.0}, {""date"": ""2022-10-15"", ""n"": 0.0}, {""date"": ""2022-10-16"", ""n"": 0.0}, {""date"": ""2022-10-17"", ""n"": 2.0}, {""date"": ""2022-10-18"", ""n"": 1.0}, {""date"": ""2022-10-19"", ""n"": 0.0}, {""date"": ""2022-10-20"", ""n"": 2.0}, {""date"": ""2022-10-21"", ""n"": 0.0}, {""date"": ""2022-10-22"", ""n"": 1.0}, {""date"": ""2022-10-23"", ""n"": 0.0}, {""date"": ""2022-10-24"", ""n"": 2.0}, {""date"": ""2022-10-25"", ""n"": 3.0}, {""date"": ""2022-10-26"", ""n"": 1.0}, {""date"": ""2022-10-27"", ""n"": 0.0}, {""date"": ""2022-10-28"", ""n"": 1.0}, {""date"": ""2022-10-29"", ""n"": 0.0}, {""date"": ""2022-10-30"", ""n"": 0.0}, {""date"": ""2022-10-31"", ""n"": 2.0}, {""date"": ""2022-11-01"", ""n"": 2.0}, {""date"": ""2022-11-02"", ""n"": 0.0}, {""date"": ""2022-11-03"", ""n"": 0.0}, {""date"": ""2022-11-04"", ""n"": 0.0}, {""date"": ""2022-11-05"", ""n"": 0.0}]"
REPUBLICANS,48,TAKE,"[{""date"": ""2022-08-08"", ""n"": 1.0}, {""date"": ""2022-08-09"", ""n"": 2.0}, {""date"": ""2022-08-10"", ""n"": 0.0}, {""date"": ""2022-08-11"", ""n"": 2.0}, {""date"": ""2022-08-12"", ""n"": 0.0}, {""date"": ""2022-08-13"", ""n"": 1.0}, {""date"": ""2022-08-14"", ""n"": 0.0}, {""date"": ""2022-08-15"", ""n"": 0.0}, {""date"": ""2022-08-16"", ""n"": 1.0}, {""date"": ""2022-08-17"", ""n"": 0.0}, {""date"": ""2022-08-18"", ""n"": 1.0}, {""date"": ""2022-08-19"", ""n"": 0.0}, {""date"": ""2022-08-20"", ""n"": 0.0}, {""date"": ""2022-08-21"", ""n"": 0.0}, {""date"": ""2022-08-22"", ""n"": 0.0}, {""date"": ""2022-08-23"", ""n"": 0.0}, {""date"": ""2022-08-24"", ""n"": 0.0}, {""date"": ""2022-08-25"", ""n"": 1.0}, {""date"": ""2022-08-26"", ""n"": 1.0}, {""date"": ""2022-08-27"", ""n"": 1.0}, {""date"": ""2022-08-28"", ""n"": 1.0}, {""date"": ""2022-08-29"", ""n"": 1.0}, {""date"": ""2022-08-30"", ""n"": 1.0}, {""date"": ""2022-08-31"", ""n"": 1.0}, {""date"": ""2022-09-01"", ""n"": 1.0}, {""date"": ""2022-09-02"", ""n"": 1.0}, {""date"": ""2022-09-03"", ""n"": 1.0}, {""date"": ""2022-09-04"", ""n"": 0.0}, {""date"": ""2022-09-05"", ""n"": 2.0}, {""date"": ""2022-09-06"", ""n"": 1.0}, {""date"": ""2022-09-07"", ""n"": 1.0}, {""date"": ""2022-09-08"", ""n"": 0.0}, {""date"": ""2022-09-09"", ""n"": 0.0}, {""date"": ""2022-09-10"", ""n"": 0.0}, {""date"": ""2022-09-11"", ""n"": 0.0}, {""date"": ""2022-09-12"", ""n"": 1.0}, {""date"": ""2022-09-13"", ""n"": 1.0}, {""date"": ""2022-09-14"", ""n"": 0.0}, {""date"": ""2022-09-15"", ""n"": 0.0}, {""date"": ""2022-09-16"", ""n"": 0.0}, {""date"": ""2022-09-17"", ""n"": 1.0}, {""date"": ""2022-09-18"", ""n"": 1.0}, {""date"": ""2022-09-19"", ""n"": 1.0}, {""date"": ""2022-09-20"", ""n"": 0.0}, {""date"": ""2022-09-21"", ""n"": 1.0}, {""date"": ""2022-09-22"", ""n"": 0.0}, {""date"": ""2022-09-23"", ""n"": 1.0}, {""date"": ""2022-09-24"", ""n"": 0.0}, {""date"": ""2022-09-25"", ""n"": 0.0}, {""date"": ""2022-09-26"", ""n"": 0.0}, {""date"": ""2022-09-27"", ""n"": 0.0}, {""date"": ""2022-09-28"", ""n"": 1.0}, {""date"": ""2022-09-29"", ""n"": 0.0}, {""date"": ""2022-09-30"", ""n"": 0.0}, {""date"": ""2022-10-01"", ""n"": 0.0}, {""date"": ""2022-10-02"", ""n"": 1.0}, {""date"": ""2022-10-03"", ""n"": 1.0}, {""date"": ""2022-10-04"", ""n"": 0.0}, {""date"": ""2022-10-05"", ""n"": 0.0}, {""date"": ""2022-10-06"", ""n"": 0.0}, {""date"": ""2022-10-07"", ""n"": 0.0}, {""date"": ""2022-10-08"", ""n"": 1.0}, {""date"": ""2022-10-09"", ""n"": 1.0}, {""date"": ""2022-10-10"", ""n"": 1.0}, {""date"": ""2022-10-11"", ""n"": 0.0}, {""date"": ""2022-10-12"", ""n"": 0.0}, {""date"": ""2022-10-13"", ""n"": 0.0}, {""date"": ""2022-10-14"", ""n"": 0.0}, {""date"": ""2022-10-15"", ""n"": 1.0}, {""date"": ""2022-10-16"", ""n"": 0.0}, {""date"": ""2022-10-17"", ""n"": 1.0}, {""date"": ""2022-10-18"", ""n"": 0.0}, {""date"": ""2022-10-19"", ""n"": 1.0}, {""date"": ""2022-10-20"", ""n"": 0.0}, {""date"": ""2022-10-21"", ""n"": 1.0}, {""date"": ""2022-10-22"", ""n"": 1.0}, {""date"": ""2022-10-23"", ""n"": 2.0}, {""date"": ""2022-10-24"", ""n"": 0.0}, {""date"": ""2022-10-25"", ""n"": 1.0}, {""date"": ""2022-10-26"", ""n"": 1.0}, {""date"": ""2022-10-27"", ""n"": 0.0}, {""date"": ""2022-10-28"", ""n"": 0.0}, {""date"": ""2022-10-29"", ""n"": 0.0}, {""date"": ""2022-10-30"", ""n"": 2.0}, {""date"": ""2022-10-31"", ""n"": 1.0}, {""date"": ""2022-11-01"", ""n"": 0.0}, {""date"": ""2022-11-02"", ""n"": 0.0}, {""date"": ""2022-11-03"", ""n"": 1.0}, {""date"": ""2022-11-04"", ""n"": 0.0}, {""date"": ""2022-11-05"", ""n"": 0.0}]"
